asin,title,price_yen,sponsored,url,capacity_gb,capacity_tb,form,iface,brand_guess,category,reason
B0F3WT537N,Acer Predator M.2 SSD 2TB GM6 NVMe2.0 2280 PCIe Gen4×4 超高速(最大読み取り：7200MB/s、最大書き込み：6200MB/s) 内蔵SSD 高耐久 3D NAND PS5動作確認済み メーカー5年保証,39990,1,https://www.amazon.co.jp/dp/B0F3WT537N,2048,2.0,M.2,NVMe,,drive_internal_nvme,nvme/m.2 hints
B0CB8JJR7F,Acer Predator M.2 SSD 2TB GM7 NVMe2.0 2280 PCIe Gen4×4 超高速(最大読み取り：7400MB/s、最大書き込み：6500MB/s) 内蔵SSD 高耐久 3D NAND TLC PS5/PS5 Pro動作確認済み メーカー5年保証,41990,1,https://www.amazon.co.jp/dp/B0CB8JJR7F,2048,2.0,M.2,NVMe,,drive_internal_nvme,nvme/m.2 hints
B0DM23JKXC,Biwin NV7400 2TB SSD NVMe2.0 M.2 Type 2280 PCIe Gen4×4 最大読込：7450MB/s (R:7450MB/s、W:6500MB/s) 内蔵SSD 高耐久 PS5/PS5 Pro動作確認済み メーカー5年保証,38980,1,https://www.amazon.co.jp/dp/B0DM23JKXC,2048,2.0,M.2,NVMe,,drive_internal_nvme,nvme/m.2 hints
B0CGW18S6Y,【Amazon.co.jp限定】Crucial(クルーシャル) X9 外付け SSD 2TB USB3.2/Type-C Gen2対応 最大読込速度1050MB/秒 正規代理店保証品 Mylio Offer付属モデル CT2000X9SSD902,31412,0,https://www.amazon.co.jp/dp/B0CGW18S6Y,2048,2.0,Portable,USB,Crucial,drive_external,external hints
B08HN37XC1,"SanDisk 2TB Extreme Portable SSD - Up to 1050MB/s - USB-C, USB 3.2 Gen 2 - External Solid State Drive - SDSSDE61-2T00-G25",45450,1,https://www.amazon.co.jp/dp/B08HN37XC1,2048,2.0,Portable,USB,SanDisk,drive_external,external hints
B0F332MNX7,Crucial(クルーシャル) X10 外付け SSD 2TB USB3.2/Type-C iPhone15シリーズ動作確認済 最大読込速度2100MB/秒 正規代理店保証品 Mylioモデル CT2000X10SSD9-02,41980,1,https://www.amazon.co.jp/dp/B0F332MNX7,2048,2.0,Portable,USB,Crucial,drive_external,external hints
B0DM22R8RG,"Samsung T7 2TB 外付けSSD 最大転送速度1,050MB/秒 USB3.2 Gen2(10Gbps, Type-C) グレー iPhone15/16シリーズ動作確認済み MU-PC2T0T-PD/EC 国内正規保証品【特典付モデル】",34980,0,https://www.amazon.co.jp/dp/B0DM22R8RG,2048,2.0,Portable,USB,Samsung,drive_external,external hints
B0C2PK12GY,"Nextorage 日本メーカー ポータブルSSD 2TB 10Gbps USB3.2 Gen2 Type C 最大読出し速度1050MB/s Windows MacOS PS5 PS4 iPhone15/16/17 Pro, Pro Max 動作確認済み 外付けssd NX-P2SEシリーズ NX-P2SE2TB/ENET",31220,0,https://www.amazon.co.jp/dp/B0C2PK12GY,2048,2.0,Portable,USB,,drive_external,external hints
B097TSN41S,ウエスタンデジタル(Western Digital) WD ポータブルSSD 2TB Elements SE SSD 最大読取り400 MB/秒 外付け 【PS4 / PS5メーカー動作確認済】 メーカー3年保証 WDBAYN0020BBK-WESN 国内正規代理店品,40680,1,https://www.amazon.co.jp/dp/B097TSN41S,2048,2.0,Portable,,Western Digital,drive_external,external hints
B08MRBRJ9H,ウエスタンデジタル(Western Digital)WD ポータブルSSD 2TB シルバー USB3.2 Gen2 Type-c My Passport SSD 最大読取り1050 MB/秒 外付け /メーカー5年保証 WDBAGF0020BSL-WESN 国内正規代理店品,46280,1,https://www.amazon.co.jp/dp/B08MRBRJ9H,2048,2.0,Portable,USB,Western Digital,drive_external,external hints
B0CXJ1W6F9,FX815 SSD 2TB 2.5インチ（7mm）SATA3.0対応 最大読込560MB/s ノートPC/PS4/車載ナビ用 データ移行サポート付 メーカー5年保証,26980,0,https://www.amazon.co.jp/dp/B0CXJ1W6F9,2048,2.0,2.5inch,SATA,,drive_internal_sata,sata/2.5 hints
B0DC6BFMN4,ORICO J10 SSD 2TB NVMe1.4 M.2 Type 2280 PCIe Gen3×4 最大読込：3100MB/s (R:3100MB/s、W:1700MB/s) 内蔵SSD 高耐久 3D NAND メーカー 5年保証,31980,0,https://www.amazon.co.jp/dp/B0DC6BFMN4,2048,2.0,M.2,NVMe,,drive_internal_nvme,nvme/m.2 hints
B094VVY43V,バッファロー SSD 外付け 2.0TB USB3.2Gen1 ポータブル コンパクト PS5/PS4対応(メーカー動作確認済) ブラック SSD-PG2.0U3-BC/N,28300,1,https://www.amazon.co.jp/dp/B094VVY43V,2048,2.0,Portable,USB,BUFFALO,drive_external,external hints
B0FFGC7RMX,"ロジテックダイレクト SSD 外付け2TB 高速 R,W:1700MB/s USB20Gbps USB3.2 Gen2x2 耐衝撃 防塵防滴 Type-C MIL-STD PS5/PS5 Pro/PS4 対応 IP55 ポータブル LMD-PBV200UC",42800,1,https://www.amazon.co.jp/dp/B0FFGC7RMX,2048,2.0,Portable,USB,,drive_external,external hints
B0CHR9R1V4,サンディスクプロフェッショナル 外付け ポータブルSSD 2TB PRO-BLADE SSD Mag 最大読取り2000 MB/秒 メーカー5年保証 SDPM1NS-002T-GBAND/E 国内正規代理店品,44800,1,https://www.amazon.co.jp/dp/B0CHR9R1V4,2048,2.0,Portable,,SanDisk,drive_external,external hints
B0DN5SSQWW,"キオクシア KIOXIA SSD 外付け 2TB USB3.2 Gen2 最大読出速度 1,050MB/秒 【 Type-C搭載iPhone / PS5 / PS4 動作確認済み 】 国産3次元フラッシュメモリ搭載 耐衝撃 アルミ筐体 ハードウェア暗号化 パスワード保護 EXCERIA PLUS G2 ポータブル SSD-PKP2.0U3G2BN",37800,0,https://www.amazon.co.jp/dp/B0DN5SSQWW,2048,2.0,Portable,USB,KIOXIA,drive_external,external hints
B0CKK7ZGP7,IODATA SSD 外付け 2TB グレー×ブラック 小型 スティック ポータブル 高速転送 テレビ録画対応 PS5/PS4(動作確認済) USB 3.2 Gen 2 日本メーカー SSPS-US2GRE,31717,0,https://www.amazon.co.jp/dp/B0CKK7ZGP7,2048,2.0,Portable,USB,IODATA,drive_external,external hints
B094BY5LKF,エレコム ポータブルSSD 2TB USB3.2Gen1 PS5/PS4(メーカー動作確認済) データ復旧サービスLite付 ホワイト ESD-EJ2000GWHR,23030,0,https://www.amazon.co.jp/dp/B094BY5LKF,2048,2.0,Portable,USB,ELECOM,drive_external,external hints
B0CKSG1SQB,"キオクシア KIOXIA 内蔵 SSD 2TB NVMe M.2 Type 2280 PCIe Gen 4.0×4 (最大読込: 5,000MB/s) 国産BiCS FLASH TLC搭載 国内正規代理店5年保証 EXCERIA PLUS G3 SSD-CK2.0N4PLG3N【国内正規代理店保証品】",40880,0,https://www.amazon.co.jp/dp/B0CKSG1SQB,2048,2.0,M.2,NVMe,KIOXIA,drive_internal_nvme,nvme/m.2 hints
B0891HFZ8Z,"Samsung T7 2TB 外付けSSD 最大転送速度1,050MB/秒 USB3.2 Gen2(10Gbps, Type-C)グレー iPhone15シリーズ動作確認済み MU-PC2T0T/EC 国内正規保証品",34980,0,https://www.amazon.co.jp/dp/B0891HFZ8Z,2048,2.0,Portable,USB,Samsung,drive_external,external hints
B0G4Q2JBVT,シリコンパワー SSD 2TB 3D NAND採用 SATA3 6Gb/s 2.5インチ 7mm PS4動作確認済 3年保証 A55シリーズ,33980,0,https://www.amazon.co.jp/dp/B0G4Q2JBVT,2048,2.0,2.5inch,SATA,,drive_internal_sata,sata/2.5 hints
B0CKYP1Z5L,エレコム 外付けSSD 2TB ポータブル USB 5Gbps / USB3.2（Gen2）対応 小型 キャップ式 ブラック ESD-EMC2000GBK,34300,0,https://www.amazon.co.jp/dp/B0CKYP1Z5L,2048,2.0,Portable,USB,ELECOM,drive_external,external hints
B0DT45DD8Z,"Western Digital ウエスタンデジタル 内蔵SSD 2TB WD Black SN7100 (読取り最大 7,250MB/秒) M.2-2280 NVMe WDS200T4X0E-EC 【国内正規代理店品】",65000,0,https://www.amazon.co.jp/dp/B0DT45DD8Z,2048,2.0,M.2,NVMe,Western Digital,drive_internal_nvme,nvme/m.2 hints
B0GGGYCBVG,"キオクシア KIOXIA 内蔵SSD 2TB NVMe PCIe Gen5×4 M.2 Type 2280 (最大読込:10,000MB/s) BiCS FLASH 5年保証 EXCERIA G3 SSD-CK2.0N5G3/N【国内正規代理店保証品】",43880,0,https://www.amazon.co.jp/dp/B0GGGYCBVG,2048,2.0,M.2,NVMe,KIOXIA,drive_internal_nvme,nvme/m.2 hints
B0DRBNK26Y,KingSpec SSD 2TB SATAIII 6Gb/s 2.5インチ内蔵SSD 最大読込：570MB/s (R：570MB/s、W：540MB/s) 3D NAND SATA SSD メーカー保証3年,31980,0,https://www.amazon.co.jp/dp/B0DRBNK26Y,2048,2.0,2.5inch,SATA,,drive_internal_sata,sata/2.5 hints
B08G838VTV,シリコンパワー 2TB SSD 3D NAND A58 パフォーマンスブースト SATA III 2.5インチ 7mm 内蔵SSD SP002TBSS3A58A25,31980,0,https://www.amazon.co.jp/dp/B08G838VTV,2048,2.0,2.5inch,SATA,,drive_internal_sata,sata/2.5 hints
B0F5WHF6F2,"Crucial(クルーシャル) P510 2TB 3D NAND NVMe PCIe5.0 M.2 SSD 最大10,000MB/秒 CT2000P510SSD8-JP 国内正規保証品",42000,0,https://www.amazon.co.jp/dp/B0F5WHF6F2,2048,2.0,M.2,NVMe,Crucial,drive_internal_nvme,nvme/m.2 hints
B0GHR9X48K,Micron 3400 /MTFDKBA2T0TFH/NVMe SSD 2TB M.2 2280 PCIe Gen4x4 読込最大6600MB/s 書込最大3600MB/s 内蔵SSD クライアントSSD (整備済み品),31800,0,https://www.amazon.co.jp/dp/B0GHR9X48K,2048,2.0,M.2,NVMe,Micron,drive_internal_nvme,nvme/m.2 hints
B0CL68212V,"シリコンパワー SSD 2TB【超高速 ゲーミングSSD】Read 5,000MB/s Write 4,800MB/s 3D NAND M.2 2280 PCIe4.0×4 NVMe1.4 UD9Nシリーズ SJ02KGBP44UD9N05J5",41980,0,https://www.amazon.co.jp/dp/B0CL68212V,2048,2.0,M.2,NVMe,,drive_internal_nvme,nvme/m.2 hints
B0DRJD3H2K,"キオクシア KIOXIA 内蔵 SSD 2TB NVMe M.2 Type 2280 PCIe Gen 5.0×4(最大読込: 10,000MB/s) 国産BiCS FLASH TLC搭載 国内正規代理店5年保証 EXCERIA PLUS G4 SSD-CK2.0N5PLG4N【国内正規代理店保証品】",54880,0,https://www.amazon.co.jp/dp/B0DRJD3H2K,2048,2.0,M.2,NVMe,KIOXIA,drive_internal_nvme,nvme/m.2 hints
B0CT3HSTXH,プリンストン 内蔵 SSD 2TB PCIe Gen 4.0 x4 NVMe 連続読み取り最大7400MB/秒 M.2 2280 3D NAND メーカー保証期間3年 EPHD-ISM2G4-2T,48800,0,https://www.amazon.co.jp/dp/B0CT3HSTXH,2048,2.0,M.2,NVMe,,drive_internal_nvme,nvme/m.2 hints
B0BM3V5WNG,【Amazon.co.jp限定】バッファロー SSD 外付け 2TB USB3.2 Gen2 Type‐C 最大読出速度1050MB/秒 防塵防滴 IP55 耐衝撃 MIL‐STD ポータブル 【 iPhone 17 / 17 pro Windows Mac Chrome PS4 PS5 メーカー動作確認済み】 SSD-PHP2.0U3BA/N,73480,0,https://www.amazon.co.jp/dp/B0BM3V5WNG,2048,2.0,Portable,USB,BUFFALO,drive_external,external hints
B07T5NKZRB,SP Silicon Power シリコンパワー SSD 2TB 3D NAND採用 SATA3 6Gb/s 2.5インチ 7mm PS4 動作確認済 3年保証 A55シリーズ SP002TBSS3A55S25 ブラック,31980,0,https://www.amazon.co.jp/dp/B07T5NKZRB,2048,2.0,2.5inch,SATA,Silicon Power,drive_internal_sata,sata/2.5 hints
B0FMY7KWD4,【Amazon.co.jp限定】 バッファロー SSD 外付け 2TB Type-C Type-A 両対応 USB3.2(Gen2) 読込速度 1050MB/秒 【 iPhone 17 /17 pro/iPad/Android/Windows/Mac 】 バックアップ 容量不足解消 exFAT コンパクト スティック型 SSD-SDH2.0U3BA/N,70880,0,https://www.amazon.co.jp/dp/B0FMY7KWD4,2048,2.0,Portable,USB,BUFFALO,drive_external,external hints
B0C9ZZYLPW,EN206 SSD 2TB M.2 2280 3D TLC NANDフラッシュ搭載 SATA III 6Gbps エラー訂正機能 低消費電力 耐衝撃 内蔵型SSD 3年保証,29980,1,https://www.amazon.co.jp/dp/B0C9ZZYLPW,2048,2.0,M.2,NVMe,,drive_internal_nvme,nvme/m.2 hints
