asin,title,price_yen,sponsored,url,capacity_gb,capacity_tb,form,iface,brand_guess,category,reason
B0GFLKR1ZX,MMOMENT mSATA SSD 128GB 内蔵SSD SATAIII 6Gb/s 最大読取530MB/s / 最大書込460MB/s 3D NAND 30×50mm,4399,1,https://www.amazon.co.jp/dp/B0GFLKR1ZX,128,,,SATA,,drive_internal_sata,sata/2.5 hints
B0BS9W3T48,"Patriot P220 128GB Internal SSD - SATA 3 2.5"" - Solid State Drive - P220S128G25",4799,1,https://www.amazon.co.jp/dp/B0BS9W3T48,128,,2.5inch,SATA,Patriot,drive_internal_sata,sata/2.5 hints
B0B9GFYSMF,JNH 内蔵型 SSD 128GB 3D NAND TLC採用 2.5インチ 7mm SATAIII 6Gb/s 540MB/s アルミ製筐体 国内正規品,3080,0,https://www.amazon.co.jp/dp/B0B9GFYSMF,128,,2.5inch,SATA,,drive_internal_sata,sata/2.5 hints
B075R4VXTN,SP Silicon Power シリコンパワー SSD 128GB 3D NAND採用 SATA3 6Gb/s 2.5インチ 7mm 3年保証 A55シリーズ SP128GBSS3A55S25,4480,0,https://www.amazon.co.jp/dp/B075R4VXTN,128,,2.5inch,SATA,Silicon Power,drive_internal_sata,sata/2.5 hints
B0BY18DWQ4,MMOMENT MS16 128GB 2.5インチ SSD SATA3 6Gb/s (読込最大550MB/s),3999,1,https://www.amazon.co.jp/dp/B0BY18DWQ4,128,,2.5inch,SATA,,drive_internal_sata,sata/2.5 hints
B0F8TVSX6B,PicoGo 超小型外付けSSD 128GB USB3.2 Gen1 Type-C 直挿し 最大読出450 MB/s・書込400 MB/s わずか2.8 g,4577,1,https://www.amazon.co.jp/dp/B0F8TVSX6B,128,,Portable,USB,,drive_external,external hints
B0DJLKSXTK,Verbatim バーベイタム 内蔵SSD 2.5 インチ SATA III 7mm Vi550シリーズ 128GB 最大読込 520MB/s 国内代理店IO Dataサポート 49350-J,4780,0,https://www.amazon.co.jp/dp/B0DJLKSXTK,128,,2.5inch,SATA,IODATA,drive_internal_sata,sata/2.5 hints
B0D7C93FBK,ORICO Y20 128GB 内蔵型SSD 2.5インチ 7mm 3D NAND採用 SATAIII 6Gb/s 最大読込：500MB/s (R:500MB/s、W:450MB/s) PS4動作確認済み 内蔵SSD 高耐久 メーカー 3年保証,3980,0,https://www.amazon.co.jp/dp/B0D7C93FBK,128,,2.5inch,SATA,,drive_internal_sata,sata/2.5 hints
B0928ST5Q4,サムスン SSD 128GB SATA 6Gb/s 2.5inch TLC 7mm厚 MZ-7LN1280,,0,https://www.amazon.co.jp/dp/B0928ST5Q4,128,,2.5inch,SATA,Samsung,drive_internal_sata,sata/2.5 hints
B0DJFF6PK9,Verbatim バーベイタム 外付け SSD 128GB USB3.2 Gen1 USB-C/A両対応 最大510MB/s ポータブル スティックタイプ 国内代理店IO Dataサポート Dual QuickStick 32040-J,3480,0,https://www.amazon.co.jp/dp/B0DJFF6PK9,128,,Portable,USB,IODATA,drive_external,external hints
B09799VTBL,SP Silicon Power シリコンパワー SSD 128GB 3D NAND M.2 2280 PCIe3.0×4 NVMe1.3 P34A60シリーズ 5年保証 SP128GBP34A60M28,5280,0,https://www.amazon.co.jp/dp/B09799VTBL,128,,M.2,NVMe,Silicon Power,drive_internal_nvme,nvme/m.2 hints
B0G8YZQ24R,【整備済み品】SSD MZ-NLN128C PM871b 128GB M.2 2280 SATA 6Gb/s SSD ソリッドステートドライブ,3780,0,https://www.amazon.co.jp/dp/B0G8YZQ24R,128,,M.2,NVMe,,drive_internal_nvme,nvme/m.2 hints
B09963PX9J,トランセンドジャパン Transcend SSD 120GB 内蔵2.5インチ SATA3 7mm 国内正規品 3年保証 TS120GSSD220S-E 【Amazon.co.jp限定】,5980,0,https://www.amazon.co.jp/dp/B09963PX9J,120,,2.5inch,SATA,Transcend,drive_internal_sata,sata/2.5 hints
B08B3JBDJ6,Patriot Memory P210 128GB SATA3 内蔵型SSD 6Gb/s 2.5インチ 7mm P210S128G25,4699,0,https://www.amazon.co.jp/dp/B08B3JBDJ6,128,,2.5inch,SATA,Patriot,drive_internal_sata,sata/2.5 hints
B0DKBFF545,ORICO SSD 128GB M.2 2242 NGFF SATAⅢ 6Gb/s 内蔵 SSD 3D TLC NAND搭載 最大読込：460MB/s (R:460MB/s、W:420MB/s) 高耐久 メーカー 3年保証 Y20M-2242,3980,0,https://www.amazon.co.jp/dp/B0DKBFF545,128,,M.2,NVMe,,drive_internal_nvme,nvme/m.2 hints
B0BKSCFZXJ,ES106 SSD 128GB 2.5インチ 7mm SATA3 6Gb/s 3D NAND TLC採用 内蔵型SSD エラー訂正機能 低消費電力 耐震 耐衝撃 3年保証 (128 GB),4380,0,https://www.amazon.co.jp/dp/B0BKSCFZXJ,128,,2.5inch,SATA,,drive_internal_sata,sata/2.5 hints
B0964C7DDM,Western Digital PC SN520 128GB PCIe NVMe M.2 SSD 内蔵ソリッドステートドライブ OEMパッケージ,,0,https://www.amazon.co.jp/dp/B0964C7DDM,128,,M.2,NVMe,Western Digital,drive_internal_nvme,nvme/m.2 hints
B0G4PZ9WC3,シリコンパワー SSD 128GB 3D NAND採用 SATA3 6Gb/s 2.5インチ 7mm PS4動作確認済 3年保証 A55シリーズ,4980,0,https://www.amazon.co.jp/dp/B0G4PZ9WC3,128,,2.5inch,SATA,,drive_internal_sata,sata/2.5 hints
B08LKMQ9T4,Patriot Memory SSD 120GB Burst Elite SATA3 内蔵2.5インチ PBE120GS25SSDR,4599,0,https://www.amazon.co.jp/dp/B08LKMQ9T4,120,,2.5inch,SATA,Patriot,drive_internal_sata,sata/2.5 hints
B0BPHQLYF9,WINTEN 内蔵 SSD 128GB ｍSATA 3D NAND SATA3 6Gb/s (最大読取 500MB/s 最大書込 500MB/s) 5年保証 WTMSATA-SSD-128GB 【国内正規代理店品】,3990,0,https://www.amazon.co.jp/dp/B0BPHQLYF9,128,,,SATA,,drive_internal_sata,sata/2.5 hints
B0DGQ1J68R,トランセンド ポータブルSSD 128GB ブラック TS128GESD310C,6980,0,https://www.amazon.co.jp/dp/B0DGQ1J68R,128,,Portable,,Transcend,drive_external,external hints
B0G38TB7VW,SP Silicon Power シリコンパワー SSD 128GB 3D NAND M.2 2280 PCIe3.0×4 NVMe1.3 P34A60シリーズ 5年保証,5880,0,https://www.amazon.co.jp/dp/B0G38TB7VW,128,,M.2,NVMe,Silicon Power,drive_internal_nvme,nvme/m.2 hints
B008DBTUT0,SKハイニックス SH910Series 純正2.5inch SATA6.0Gbps SSD 128GB HFS128G32MNM,,0,https://www.amazon.co.jp/dp/B008DBTUT0,128,,2.5inch,SATA,,drive_internal_sata,sata/2.5 hints
B08JQJX546,Western Digital (ウエスタンデジタル) SN520 SDAPNUW-128G-1006 128GB PCIe 3.0 NVMe TLC 3D NAND M.2 ソリッドステートドライブ,,0,https://www.amazon.co.jp/dp/B08JQJX546,128,,M.2,NVMe,Western Digital,drive_internal_nvme,nvme/m.2 hints
B0FQ48L3WN,外付けSSD 128GB NVMe USB3.2(Gen2) 対応 理論値最大速度1000MB/秒 アルミ筐体 テレビ録画 PC/TV/Windows/Mac/PS4/PS5など対応 ポータブル ポータブルSSD 防塵 高耐久.耐衝撃性【1年品質保証】 (1)外付けSSD(シルバー):128GB),3980,0,https://www.amazon.co.jp/dp/B0FQ48L3WN,128,,Portable,USB,,drive_external,external hints
B0DY1SN19R,SSD 128GB mSATA3.0 6Gb/s 内蔵SSD Mini SATAIII 3D TLC NAND採用 メーカー3年保証,3490,0,https://www.amazon.co.jp/dp/B0DY1SN19R,128,,,SATA,,drive_internal_sata,sata/2.5 hints
B0822Y6N1C,Patriot Memory P300 128GB M.2 SSD 2280 NVMe PCIe Gen 3x4 内蔵型SSD P300P128GM28,6399,0,https://www.amazon.co.jp/dp/B0822Y6N1C,128,,M.2,NVMe,Patriot,drive_internal_nvme,nvme/m.2 hints
B08352F6JS,Netac SSD 128GB SATA3.0 6Gb/s 最大510MB/s 3D TLC NAND採用 2.5インチ 金属 N530S 内蔵型 ssd PC PS4適用 静音 低消費電力 耐振動 耐衝撃性 N530S（シルバー）,4190,0,https://www.amazon.co.jp/dp/B08352F6JS,128,,2.5inch,SATA,,drive_internal_sata,sata/2.5 hints
B0G38T1NB5,シリコンパワー SSD M.2 128GB 2280 SATA III 3D TLC NAND採用 6Gbps 3年保証,5080,0,https://www.amazon.co.jp/dp/B0G38T1NB5,128,,M.2,NVMe,,drive_internal_nvme,nvme/m.2 hints
B0DP24FNNQ,HIKSEMI SSD 外付け 128GB Type-C 最大転送速度450MB/s 極小 コンパクト ポータブル PS5/PC/スマートフォン対応 OTG機能対応 ストレージ拡張 5年保証,4577,0,https://www.amazon.co.jp/dp/B0DP24FNNQ,128,,Portable,USB,,drive_external,external hints
B01LCTR9RY,東芝 THNSNF128GCSS SSD 128GB 正常動作品 本体のみ,,0,https://www.amazon.co.jp/dp/B01LCTR9RY,128,,,,Toshiba,drive_internal_sata,generic ssd
B0C6MHMYD5,WINTEN 内蔵 SSD 128GB NVMe M.2 2280 PCIe Gen 3.0×4 3D NAND（最大読取 2000MB/s 最大書込 900MB/s）エラー訂正機能 省電力 衝撃に強い 内蔵型【5年保証】WTPCIe-SSD-128GB,5170,0,https://www.amazon.co.jp/dp/B0C6MHMYD5,128,,M.2,NVMe,,drive_internal_nvme,nvme/m.2 hints
B0D3GSB6XT,fanxiang SSD 128GB PCIe Gen3.0×4 M.2 Type2280 NVMe 1.4 内蔵ssd 3D NAND搭載 HMB採用 SLCバッファ技術 Trim機能 AES暗号化機能搭載 高速化 高耐久 ゲーム向け S501 正規保証品 メーカー3年保証,5099,0,https://www.amazon.co.jp/dp/B0D3GSB6XT,128,,M.2,NVMe,,drive_internal_nvme,nvme/m.2 hints
B00IX8PXA8,CFD販売 SSD 128GB 2.5inch TOSHIBA製 内蔵型 SATA6Gbps CSSD-S6T128NHG6Q,,0,https://www.amazon.co.jp/dp/B00IX8PXA8,128,,2.5inch,SATA,Toshiba,drive_internal_sata,sata/2.5 hints
B01M3R9JJG,Transcend SSD 128GB 2.5インチ SATA3.0 3D NAND採用 DRAMキャッシュ搭載 5年保証 TS128GSSD230S,10000,0,https://www.amazon.co.jp/dp/B01M3R9JJG,128,,2.5inch,SATA,Transcend,drive_internal_sata,sata/2.5 hints
