asin,title,price_yen,sponsored,url,capacity_gb,capacity_tb,form,iface,brand_guess,category,reason
B0DRBMCG6Z,KingSpec SSD 1TB SATAIII 6Gb/s 2.5インチ内蔵SSD 最大読込：570MB/s (R：570MB/s、W：540MB/s) 3D NAND SATA SSD メーカー保証3年,20080,1,https://www.amazon.co.jp/dp/B0DRBMCG6Z,1024,1.0,2.5inch,SATA,,drive_internal_sata,sata/2.5 hints
B0F3XKKRRF,Acer Predator Gen5 M.2 SSD 1TB GM9 NVMe2.0 2280 PCIe Gen5×4 超高速 14500MB/s 最大読み取り速度 内蔵SSD 高耐久 3D NAND TLC メーカー5年保証,29990,1,https://www.amazon.co.jp/dp/B0F3XKKRRF,1024,1.0,M.2,NVMe,,drive_internal_nvme,nvme/m.2 hints
B0DM1R7KHZ,Biwin NV7400 1TB SSD NVMe2.0 M.2 Type 2280 PCIe Gen4×4 最大読込：7450MB/s (R:7450MB/s、W:6500MB/s) 内蔵SSD 高耐久 PS5/PS5 Pro動作確認済み メーカー5年保証,22980,1,https://www.amazon.co.jp/dp/B0DM1R7KHZ,1024,1.0,M.2,NVMe,,drive_internal_nvme,nvme/m.2 hints
B0DBTX93SQ,Biwin NV7200 1TB SSD NVMe2.0 M.2 Type 2280 PCIe Gen4×4 最大読込：7200MB/s (R:7200MB/s、W:6200MB/s) 内蔵SSD 高耐久 PS5/PS5 Pro動作確認済み メーカー5年保証,21980,1,https://www.amazon.co.jp/dp/B0DBTX93SQ,1024,1.0,M.2,NVMe,,drive_internal_nvme,nvme/m.2 hints
B0DJ2KN4BP,MMOMENT MG43 1000GB M.2 2280 PCIe Gen4x4 NVMe1.4 内蔵SSD (読込最大5000MB/s),23999,1,https://www.amazon.co.jp/dp/B0DJ2KN4BP,1000,,M.2,NVMe,,drive_internal_nvme,nvme/m.2 hints
B07HCM8383,バッファロー BUFFALO USB3.1Gen1 ポータブルSSD 1TB 日本製 PS5/PS4(メーカー動作確認済) 耐衝撃・コネクター保護機構 SSD-PG1.0U3-B/NL,13880,0,https://www.amazon.co.jp/dp/B07HCM8383,1024,1.0,Portable,USB,BUFFALO,drive_external,external hints
B08P4CN4YC,【Amazon.co.jp限定】SanDisk SSD 外付け 1TB USB3.2Gen2 読出最大1050MB/秒 防滴防塵 SDSSDE61-1T00-GH25 エクストリーム ポータブルSSD V2 Win Mac PS4 PS5 エコパッケージ 5年保証,28222,0,https://www.amazon.co.jp/dp/B08P4CN4YC,1024,1.0,Portable,USB,SanDisk,drive_external,external hints
B0CGW1FQV4,【Amazon.co.jp限定】Crucial(クルーシャル) X9 外付け SSD 1TB USB3.2/Type-C Gen2対応 最大読込速度1050MB/秒 正規代理店保証品 Mylio Offer付属モデル CT1000X9SSD902,18980,1,https://www.amazon.co.jp/dp/B0CGW1FQV4,1024,1.0,Portable,USB,Crucial,drive_external,external hints
B0DBV3456H,Biwin NV3500 1TB SSD NVMe M.2 Type 2280 PCIe Gen3×4 最大読込：3500MB/s (R:3500MB/s、W:3000MB/s) 内蔵SSD 高耐久 片面実装タイプ メーカー5年保証,20980,1,https://www.amazon.co.jp/dp/B0DBV3456H,1024,1.0,M.2,NVMe,,drive_internal_nvme,nvme/m.2 hints
B0G1BMR3N5,"キオクシア KIOXIA 内蔵 SSD 1TB PCIe Gen4×4 NVMe 2.0d M.2 Type 2280 (最大読込:7,200MB/s) BiCS FLASH 5年保証 EXCERIA BASIC SSD-CK1.0N4B/N【国内正規代理店保証品】",21880,0,https://www.amazon.co.jp/dp/B0G1BMR3N5,1024,1.0,M.2,NVMe,KIOXIA,drive_internal_nvme,nvme/m.2 hints
B08N4JHGJL,【Amazon.co.jp限定】バッファロー SSD 外付け 1.0TB 超小型 コンパクト ポータブル iPhone 17 / 17 pro / PS5 / PS4対応(メーカー動作確認済) USB3.2Gen1 ブラック SSD-PUT1.0U3-B/N,19480,0,https://www.amazon.co.jp/dp/B08N4JHGJL,1024,1.0,Portable,USB,BUFFALO,drive_external,external hints
B0BKSCDZD2,ES106 SSD 1TB 2.5インチ 7mm SATA3 6Gb/s 3D NAND TLC採用 内蔵型SSD エラー訂正機能 低消費電力 耐震 耐衝撃 3年保証 (1 TB),17980,1,https://www.amazon.co.jp/dp/B0BKSCDZD2,1024,1.0,2.5inch,SATA,,drive_internal_sata,sata/2.5 hints
B08MRCJHSK,WD ポータブルSSD 1TB シルバー USB3.2 Gen2 My Passport SSD 最大読取り1050 MB/秒 メーカー5年保証 WDBAGF0010BSL-WESN 国内正規代理店品,27580,1,https://www.amazon.co.jp/dp/B08MRCJHSK,1024,1.0,Portable,USB,Western Digital,drive_external,external hints
B097TTZD48,ウエスタンデジタル(Western Digital) WD ポータブルSSD 1TB Elements SE SSD 最大読取り400 MB/秒 外付けSSD 【PS4 / PS5メーカー動作確認済】 メーカー3年保証 WDBAYN0010BBK-WESN 国内正規代理店品,24680,1,https://www.amazon.co.jp/dp/B097TTZD48,1024,1.0,Portable,,Western Digital,drive_external,external hints
B0FPPP2RRB,NVMe PCIE Gen4.0 ON1000X 1TB,49999,0,https://www.amazon.co.jp/dp/B0FPPP2RRB,1024,1.0,,NVMe,,drive_internal_nvme,nvme/m.2 hints
B0D7CJK2WH,ORICO J10 SSD 1TB NVMe1.4 M.2 Type 2280 PCIe Gen3×4 最大読込：3100MB/s (R:3100MB/s、W:1900MB/s) 内蔵SSD 高耐久 3D NAND メーカー 5年保証,17980,0,https://www.amazon.co.jp/dp/B0D7CJK2WH,1024,1.0,M.2,NVMe,,drive_internal_nvme,nvme/m.2 hints
B0F3WSR8KL,Acer Predator M.2 SSD 1TB GM6 NVMe2.0 2280 PCIe Gen4×4 超高速(最大読み取り：7200MB/s、最大書き込み：6200MB/s) 内蔵SSD 高耐久 3D NAND PS5動作確認済み メーカー5年保証,21990,0,https://www.amazon.co.jp/dp/B0F3WSR8KL,1024,1.0,M.2,NVMe,,drive_internal_nvme,nvme/m.2 hints
B0DM23XSH6,"Samsung T7 1TB 外付けSSD 最大転送速度1,050MB/秒 USB3.2 Gen2(10Gbps, Type-C) グレー iPhone15/16シリーズ動作確認済み MU-PC1T0T-PD/EC 国内正規保証品【特典付モデル】",19980,1,https://www.amazon.co.jp/dp/B0DM23XSH6,1024,1.0,Portable,USB,Samsung,drive_external,external hints
B0FV73YC2G,内蔵SSD 2.5 インチ SATA III 7mm 1TB MM-SSS001T,16980,1,https://www.amazon.co.jp/dp/B0FV73YC2G,1024,1.0,2.5inch,SATA,,drive_internal_sata,sata/2.5 hints
B0BPGZBKS9,WINTEN 内蔵 SSD 1TB ｍSATA 3D NAND SATA3 6Gb/s (最大読取 530MB/s 最大書込 500MB/s) 5年保証 WTMSATA-SSD-1TB 【国内正規代理店品】,12340,0,https://www.amazon.co.jp/dp/B0BPGZBKS9,1024,1.0,,SATA,,drive_internal_sata,sata/2.5 hints
B0DGKMQPYC,"Crucial(クルーシャル) P310 1TB 3D NAND NVMe PCle4.0 M.2 SSD 最大7,100MB/秒 CT1000P310SSD8-JP 国内正規保証品",21800,0,https://www.amazon.co.jp/dp/B0DGKMQPYC,1024,1.0,M.2,NVMe,Crucial,drive_internal_nvme,nvme/m.2 hints
B0CG1S9XDD,ORICO Y20 1TB 内蔵型SSD 2.5インチ 7mm 3D NAND採用 SATAIII 6Gb/s 最大読込：500MB/s (R:500MB/s、W:450MB/s) PS4動作確認済み 内蔵SSD 高耐久 メーカー 3年保証,16980,0,https://www.amazon.co.jp/dp/B0CG1S9XDD,1024,1.0,2.5inch,SATA,,drive_internal_sata,sata/2.5 hints
B0GGHRGGXB,"キオクシア KIOXIA 内蔵SSD 1TB NVMe PCIe Gen5×4 M.2 Type 2280 (最大読込:10,000MB/s) BiCS FLASH 5年保証 EXCERIA G3 SSD-CK1.0N5G3/N【国内正規代理店保証品】",25880,0,https://www.amazon.co.jp/dp/B0GGHRGGXB,1024,1.0,M.2,NVMe,KIOXIA,drive_internal_nvme,nvme/m.2 hints
B0G4P63CPR,IODATA スティック SSD 1TB USB-A 5Gbps 3.2Gen1対応 読込430MB/s 【Windows/Mac/Chrome】小型 ポータブル 日本メーカー R-SSSA-UT1,16800,0,https://www.amazon.co.jp/dp/B0G4P63CPR,1024,1.0,Portable,USB,IODATA,drive_external,external hints
B0G4Q8DMWJ,シリコンパワー SSD 1TB 3D NAND採用 SATA3 6Gb/s 2.5インチ 7mm PS4動作確認済 3年保証 A55シリーズ,20480,0,https://www.amazon.co.jp/dp/B0G4Q8DMWJ,1024,1.0,2.5inch,SATA,,drive_internal_sata,sata/2.5 hints
B08B3D7PDJ,キオクシア KIOXIA 内蔵 SSD 960GB 2.5インチ 7mm SATA 国産BiCS FLASH TLC 搭載 3年保証 EXCERIA SSD-CK960S/N 【国内正規代理店品】,20880,0,https://www.amazon.co.jp/dp/B08B3D7PDJ,960,,2.5inch,SATA,KIOXIA,drive_internal_sata,sata/2.5 hints
B0812Y64G9,シリコンパワー SSD 1TB 3D NAND M.2 2280 PCIe3.0×4 NVMe1.3 P34A60シリーズ 5年保証 SP001TBP34A60M28 ブラック,22980,0,https://www.amazon.co.jp/dp/B0812Y64G9,1024,1.0,M.2,NVMe,,drive_internal_nvme,nvme/m.2 hints
B0CJL6LG31,ロジテック SSD 外付け 1TB USB3.2 (Gen2) USB Type-C 高速スリム型 メタル筐体 PS5 iPad 対応 ブラック LMD-ELSPH100UC,16875,0,https://www.amazon.co.jp/dp/B0CJL6LG31,1024,1.0,Portable,USB,,drive_external,external hints
B0DCBKQRTC,ORICO Y20M M.2 SATA SSD、1TB内蔵 M.2 NGFF 2280 SSD SATA III 6.0Gb/s、最大読込：500MB/s (R:500MB/s、W:480MB/s) 高耐久 3D NAND、メーカー 3年保証,15980,0,https://www.amazon.co.jp/dp/B0DCBKQRTC,1024,1.0,M.2,NVMe,,drive_internal_nvme,nvme/m.2 hints
B0CB2BMQZJ,Acer Predator M.2 SSD 1TB GM7 NVMe2.0 2280 PCIe Gen4×4 超高速(最大読み取り：7400MB/s、最大書き込み：6500MB/s) 内蔵SSD 高耐久 3D NAND TLC PS5/PS5 Pro動作確認済み メーカー5年保証,23500,0,https://www.amazon.co.jp/dp/B0CB2BMQZJ,1024,1.0,M.2,NVMe,,drive_internal_nvme,nvme/m.2 hints
B094CHR31B,エレコム ポータブルSSD 1TB USB3.2Gen1 PS5/PS4(メーカー動作確認済) データ復旧サービスLite付 ブラック ESD-EJ1000GBKR,16000,0,https://www.amazon.co.jp/dp/B094CHR31B,1024,1.0,Portable,USB,ELECOM,drive_external,external hints
B0BPXQ9BDV,"Samsung 990 PRO 1TB PCIe Gen 4.0 x4 (最大転送速度 7,450MB/秒) NVMe M.2 (2280) 内蔵 SSD MZ-V9P1T0B-IT/EC 国内正規保証品",29273,0,https://www.amazon.co.jp/dp/B0BPXQ9BDV,1024,1.0,M.2,NVMe,Samsung,drive_internal_nvme,nvme/m.2 hints
B079SJ32TT,シリコンパワー SSD 1TB 3D NAND採用 SATA3 6Gb/s 2.5インチ 7mm PS4動作確認済 3年保証 A55シリーズ SP001TBSS3A55S25,19980,0,https://www.amazon.co.jp/dp/B079SJ32TT,1024,1.0,2.5inch,SATA,,drive_internal_sata,sata/2.5 hints
B0BNPN4GF4,エレコム 外付けssd 1TB コンパクト ポータブル PS5/PS4対応(メーカー動作確認済) USB3.2(Gen1) ESD-EMB1000GBK,18477,0,https://www.amazon.co.jp/dp/B0BNPN4GF4,1024,1.0,Portable,USB,ELECOM,drive_external,external hints
B0C59G4TLQ,SanDisk (サンディスク) 1TB Extreme (エクストリーム) ポータブルSSD - 最大1050MB/秒 USB-C USB 3.2 Gen 2 IP65の耐水および防塵 アップデートされたファームウェア モントレー - 外付けソリッドステートドライブ - SDSSDE61-1T00-G25M,28890,0,https://www.amazon.co.jp/dp/B0C59G4TLQ,1024,1.0,Portable,USB,SanDisk,drive_external,external hints
B08F27J5SQ,WD ポータブルSSD 1TB レッド USB3.2 Gen2 My Passport SSD 最大読取り1050 MB/秒 メーカー5年保証 WDBAGF0010BRD-WESN 国内正規代理店品,32903,0,https://www.amazon.co.jp/dp/B08F27J5SQ,1024,1.0,Portable,USB,Western Digital,drive_external,external hints
B0CZXW635V,SSD-PST1.0U3BA/D [USB3.2(Gen1) TV録画対応 SSD 1TB],24800,0,https://www.amazon.co.jp/dp/B0CZXW635V,1024,1.0,,USB,,drive_external,external hints
B09RHZWSF9,バッファロー SSD-PUT1.0U3BC/D [外付けSSD ポータブル USB3.2 Gen1 スティック型 TV録画対応 1.0TB ブラック],20000,0,https://www.amazon.co.jp/dp/B09RHZWSF9,1024,1.0,Portable,USB,BUFFALO,drive_external,external hints
B07YD579WM,Crucial クルーシャル SSD 1TB(1000GB) BX500 SATA3 内蔵2.5インチ 7mm CT1000BX500SSD1【3年保証】 [並行輸入品],19300,0,https://www.amazon.co.jp/dp/B07YD579WM,1024,1.0,2.5inch,SATA,Crucial,drive_internal_sata,sata/2.5 hints
B0BWHWPZX7,エレコム 外付けSSD 1TB ポータブル USB 5Gbps / USB3.2（Gen2）対応 小型 キャップ式 ブラック ESD-EMC1000GBK,19000,0,https://www.amazon.co.jp/dp/B0BWHWPZX7,1024,1.0,Portable,USB,ELECOM,drive_external,external hints
