asin,title,price_yen,sponsored,url,capacity_gb,capacity_tb,form,iface,brand_guess,category,reason
B0F336NLC7,Crucial(クルーシャル) X10 外付け SSD 8TB USB3.2/Type-C iPhone15シリーズ動作確認済 最大読込速度2100MB/秒 正規代理店保証品 Mylioモデル CT8000X10SSD9-02,149980,1,https://www.amazon.co.jp/dp/B0F336NLC7,8192,8.0,Portable,USB,Crucial,drive_external,external hints
B0DT47B99C,【Amazon.co.jp限定】SanDisk SSD 外付け 8TB USB3.2Gen2 読出最大1050MB/秒 防滴防塵 SDSSDE61-8T00-GH25 エクストリーム ポータブルSSD V2 Win Mac PS4 PS5 エコパッケージ 5年保証,167556,1,https://www.amazon.co.jp/dp/B0DT47B99C,8192,8.0,Portable,USB,SanDisk,drive_external,external hints
B0C9TM73PR,LinkMore XE600 8TB M.2 2280 PCIe Gen4x4 NVMe 1.4 SSD (読込最大7000MB/s),159999,1,https://www.amazon.co.jp/dp/B0C9TM73PR,8192,8.0,M.2,NVMe,,drive_internal_nvme,nvme/m.2 hints
B0CJG3Q7JW,SanDisk SSD 外付け 8TB USB 3.2 Gen 2x1 読出最大1000MB/秒 サンディスク Desk Drive SSD SDSSDT40-8T00-NA25 メーカー保証3年,127679,0,https://www.amazon.co.jp/dp/B0CJG3Q7JW,8192,8.0,Portable,USB,SanDisk,drive_external,external hints
B0CL493GN9,Samsung T5 EVO 8TB 外付けSSD USB 3.2 Gen 1 MU-PH8T0S-IT/EC 国内正規保証品,139800,0,https://www.amazon.co.jp/dp/B0CL493GN9,8192,8.0,Portable,USB,Samsung,drive_external,external hints
B0DFFQT6DN,Western Digital ウエスタンデジタル WD BLACK M.2 SSD 内蔵 8TB NVMe PCIe Gen4 x4 (読取り最大 7200MB/s 書込み最大 6600MB/s) ゲーミング PC WDS800T2X0E-EC SN850X 【国内正規取扱代理店】,370000,0,https://www.amazon.co.jp/dp/B0DFFQT6DN,8192,8.0,M.2,NVMe,Western Digital,drive_internal_nvme,nvme/m.2 hints
B0DLK38TR9,SanDisk (サンディスク) 8TB エクストリームポータブルSSD - 最大1050MB/秒、USB-C、USB 3.2 Gen 2、IP65 防水・防塵、アップデートされたファームウェア - 外付けソリッドステートドライブ - SDSSDE61-8T00-G25,169980,0,https://www.amazon.co.jp/dp/B0DLK38TR9,8192,8.0,Portable,USB,SanDisk,drive_external,external hints
B0FW4JN2R3,Acer Predator GM9000 8TB SSD Gen5×4 超高速(最大読み取り：14000MB/s、最大書き込み：13000MB/s) NVMe2.0 M.2 Type 2280 PCIe 内蔵SSD 6nmプロセス 低消費電力 高耐久 メーカー5年保証,218990,0,https://www.amazon.co.jp/dp/B0FW4JN2R3,8192,8.0,M.2,NVMe,,drive_internal_nvme,nvme/m.2 hints
B0DVBTRJRW,V-MAX 8TB 内蔵SSD SATA III 6 Gb/s 3D NAND TLC 2.5インチ/7mm ソリッドステートドライブ、最大550MB/秒。,165791,0,https://www.amazon.co.jp/dp/B0DVBTRJRW,8192,8.0,2.5inch,SATA,,drive_internal_sata,sata/2.5 hints
B0FWQB2N8C,Biwin X570 PRO 8TB SSD Gen5×4 最大読込：14000MB/s NVMe2.0 M.2 Type 2280 PCIe 内蔵SSD 6nmプロセス 低消費電力 高耐久 メーカー5年保証,216980,0,https://www.amazon.co.jp/dp/B0FWQB2N8C,8192,8.0,M.2,NVMe,,drive_internal_nvme,nvme/m.2 hints
B08HDTD7Y5,Samsung SSD 870 QVO 8 TB SATA 2.5 Pulgadas Unidad Interna de Estado sólido,233680,0,https://www.amazon.co.jp/dp/B08HDTD7Y5,8192,8.0,2.5inch,SATA,Samsung,drive_internal_sata,sata/2.5 hints
