asin,title,price_yen,sponsored,url,capacity_tb,form_factor_in,iface,brand_guess,category,reason,no_recommended_offer
B07NHQX2XZ,ウエスタンデジタル WD デスクトップHDD 10TB USB3.0 WD Elements Desktop 外付けハードディスク / WDBBKG0100HBK-JESN メーカー2年保証 国内正規代理店品,52800,1,https://www.amazon.co.jp/dp/B07NHQX2XZ,10.0,,USB,Western Digital,drive_external,external HDD-like,0
B0FKB66L4Z,外付けHDD ハードディスク 10TB テレビ録画 4K対応 Windows Mac PS5 PS4 USB3.2 (Gen1) / USB3.0 EOP35100BK-10T,34980,1,https://www.amazon.co.jp/dp/B0FKB66L4Z,10.0,,USB,,drive_external,external HDD-like,0
B09X6JJ9RN,BUFFALO TeraStation TS5010/TS3010シリーズ 交換用HDD 10TB OP-HD10.0N,139000,1,https://www.amazon.co.jp/dp/B09X6JJ9RN,10.0,,,BUFFALO,drive_internal,internal HDD-like,0
B0CQJCDHFS,FFF 外付HDD 10TB 外付けハードディスク USB3.0 ブラック PC PS4 4K対応 据置タイプ 日本国内サポート 日本語説明書 (10TB) メーカー MAL310000EX3-BK,31000,0,https://www.amazon.co.jp/dp/B0CQJCDHFS,10.0,,USB,,drive_external,external HDD-like,0
B0B5TXRC2M,Seagate 内蔵 HDD ハードディスク 10TB NAS向け 24時間365日 3年保証 データ復旧3年付 CMR Ironwolf 国内正規代理店品 ST10000VN000,51202,1,https://www.amazon.co.jp/dp/B0B5TXRC2M,10.0,,,Seagate,drive_internal,internal HDD-like,0
B0F6BJYRN3,【Amazon.co.jp限定】Western Digital ウエスタンデジタル WD Blue 内蔵 HDD ハードディスク 10TB CMR 3.5インチ SATA 7200rpm キャッシュ512MB メーカー保証2年 WD100EAGZ-AJP エコパッケージ【国内正規取扱代理店】,50760,0,https://www.amazon.co.jp/dp/B0F6BJYRN3,10.0,3.5,SATA,Western Digital,drive_internal,internal HDD-like,0
B0F4R3YCL6,WD100EFGX [WD Red Plus（10TB 3.5インチ SATA 6G 7200rpm 512MB CMR）],51500,0,https://www.amazon.co.jp/dp/B0F4R3YCL6,10.0,3.5,SATA,Western Digital,drive_internal,internal HDD-like,0
B07FDVLD2S,ラシー LaCie HDD 外付けハードディスク 10TB d2 Professional USBタイプC ブラック STHA10000800,71355,0,https://www.amazon.co.jp/dp/B07FDVLD2S,10.0,,,,drive_external,external HDD-like,0
B07S66ZQZ6,"TOSHIBA 東芝 3.5"" 内蔵HDD 10TB 7,200rpm MN06ACA10T-0603-AS",88880,0,https://www.amazon.co.jp/dp/B07S66ZQZ6,10.0,,,Toshiba,drive_internal,internal HDD-like,0
B0DJCMNRLB,"東芝 N300シリーズ 3.5"" NAS HDD 10TB(CMR) フィールドレイク取扱品 3年保証 国内サポート・故障時の同時交換対応 N300A10 - HDWG71AUZSVA 7,200rpm SATA 24x7 RVセンサー搭載",47300,0,https://www.amazon.co.jp/dp/B0DJCMNRLB,10.0,,SATA,Toshiba,drive_internal,internal HDD-like,0
B0DSPKL59V,【Amazon.co.jp限定】Western Digital ウエスタンデジタル WD Gold 内蔵 HDD ハードディスク 10TB 3.5インチ SATA 7200rpm キャッシュ512MB エンタープライズ メーカー保証5年 WD103KRYZ-AJP エコパッケージ【国内正規取扱代理店】,65824,0,https://www.amazon.co.jp/dp/B0DSPKL59V,10.0,3.5,SATA,Western Digital,drive_internal,internal HDD-like,0
B0BWKNZGL5,Hitachi WD HGST He10 (HUH721010ALE601) 10TB 7200RPM 128MB キャッシュ SATA 6.0Gb/s 3.5インチ エンタープライズハードドライブ,33900,0,https://www.amazon.co.jp/dp/B0BWKNZGL5,10.0,3.5,SATA,Western Digital,drive_internal,internal HDD-like,0
B077NDRQLW,Western Digital HDD 10TB WD Ultrastar データセンター 3.5インチ 内蔵HDD HUH721010ALE604,57994,0,https://www.amazon.co.jp/dp/B077NDRQLW,10.0,3.5,,Western Digital,drive_internal,internal HDD-like,0
B0B9FXJTMR,MDD 10TB 7200 RPM 256MB キャッシュ SATA 6.0Gb/s 3.5インチ 監視ストレージ用内蔵ハードドライブ (MD10TGSA25672DVR),45215,0,https://www.amazon.co.jp/dp/B0B9FXJTMR,10.0,3.5,SATA,,drive_internal,internal HDD-like,0
B08P9NQ8RM,Western Digital (ウエスタンデジタル) HDDデスク ブラック 10TB 3.5 SATA 256MB,49800,0,https://www.amazon.co.jp/dp/B08P9NQ8RM,10.0,,SATA,Western Digital,drive_internal,internal HDD-like,0
B01M07WKSE,Seagate 内蔵ハードディスク 3.5インチ Enterprise Capacity v6 10TB ( SAS / ヘリウム / 5年保証 ) 正規代理店品 ST10000NM0096,63660,0,https://www.amazon.co.jp/dp/B01M07WKSE,10.0,3.5,SAS,Seagate,drive_internal,internal HDD-like,0
B0DF9C92SW,Western Digital 10TB WD Red Pro NAS 内蔵ハードドライブ HDD - 7200 RPM、SATA 6 Gb/s、CMR、512MBキャッシュ、3.5インチ - WD103KFBX,67209,0,https://www.amazon.co.jp/dp/B0DF9C92SW,10.0,3.5,SATA,Western Digital,drive_internal,internal HDD-like,0
B07XDD5MV8,Western Digital HDD 10TB WD Gold エンタープライズ 3.5インチ 内蔵HDD WD102KRYZ,50882,0,https://www.amazon.co.jp/dp/B07XDD5MV8,10.0,3.5,,Western Digital,drive_internal,internal HDD-like,0
B088RT1MV8,東芝 3.5インチ HDD 10TB NAS PC 向け 内蔵型 CMR 24時間稼働 RVセンサー 搭載 【国内正規代理店品】 3年保証 MN06ACA10T-3YW,,0,https://www.amazon.co.jp/dp/B088RT1MV8,10.0,3.5,,Toshiba,drive_internal,internal HDD-like,0
B08TZPS4QQ,ウエスタンデジタル WD101EFBX ［WD Red Plus（10TB 3.5インチ SATA 6G 7200rpm 256MB CMR）］,65340,0,https://www.amazon.co.jp/dp/B08TZPS4QQ,10.0,3.5,SATA,Western Digital,drive_internal,internal HDD-like,0
B07DYLFYQM,Western Digital HDD 10TB WD Purple 監視システム 3.5インチ 内蔵HDD WD101PURZ,54755,0,https://www.amazon.co.jp/dp/B07DYLFYQM,10.0,3.5,,Western Digital,drive_internal,internal HDD-like,0
B0966TZJGJ,Western Digital 10TB WD Purple Pro Surveillance 内蔵ハードドライブ HDD - SATA 6 Gb/s 256 MB キャッシュ 3.5インチ - WD101PURP,54615,0,https://www.amazon.co.jp/dp/B0966TZJGJ,10.0,3.5,SATA,Western Digital,drive_internal,internal HDD-like,0
B07DVGKCKD,東芝エンタープライズHDD 10TB 3.5インチSATA 6Gbit / s 7200RPM（MG06ACA10TE）,66880,0,https://www.amazon.co.jp/dp/B07DVGKCKD,10.0,3.5,,Toshiba,drive_internal,internal HDD-like,0
B09BF39N2G,Western Digital ウエスタンデジタル WD Purple Pro 内蔵 HDD ハードディスク 10TB CMR 3.5インチ SATA 7200rpm キャッシュ256MB 監視システム メーカー保証5年 WD101PURP-EC 【国内正規取扱代理店】,118880,0,https://www.amazon.co.jp/dp/B09BF39N2G,10.0,3.5,SATA,Western Digital,drive_internal,internal HDD-like,0
B092R53KPP,"Seagate Expansion 10TB External Hard Drive HDD - USB 3.0, with Rescue Data Recovery Services (STKP10000400)",61253,0,https://www.amazon.co.jp/dp/B092R53KPP,10.0,,USB,Seagate,drive_external,external HDD-like,0
B0B6QRDP3X,Avolusion PRO-Zシリーズ 10TB USB 3.0 外付けハードドライブ WindowsOSデスクトップPC/ノートパソコン用 (ホワイト),46927,0,https://www.amazon.co.jp/dp/B0B6QRDP3X,10.0,,USB,,drive_external,external HDD-like,0
B09GTCR3M4,MaxDigitalData (MD10000GSA12872) 10TB 7200RPM SATA 6Gb/s 256MB キャッシュ 3.5インチ 内蔵デスクトップハードドライブ,44641,0,https://www.amazon.co.jp/dp/B09GTCR3M4,10.0,3.5,SATA,,drive_internal,internal HDD-like,0
B01IWCMS5M,WD HDD 内蔵ハードディスク 3.5インチ 10TB WD Gold WD101KRYZ SATA3.0 7200rpm 256MB 5年保証 [並行輸入品],49763,0,https://www.amazon.co.jp/dp/B01IWCMS5M,10.0,3.5,,Western Digital,drive_internal,internal HDD-like,0
B086K4NKT8,Seagate Exos X16 SAS 512e 3.5インチ 10TB 内蔵 ハードディスク HDD CMR 5年保証 256MB 7200rpm エンタープライズ 正規代理店品 ST10000NM002G,67587,0,https://www.amazon.co.jp/dp/B086K4NKT8,10.0,3.5,SAS,Seagate,drive_internal,internal HDD-like,0
B08MKJPFZ7,Western Digital WD101FZBX 10TB WD_BLACK HDD シリーズ ゲームプレイ向けに最適化,55035,0,https://www.amazon.co.jp/dp/B08MKJPFZ7,10.0,,,Western Digital,drive_internal,internal HDD-like,0
B07NPMMZ8C,Seagate 外付けハードディスク 10TB テレビ録画/4K対応 データ復旧3年付 3年保証 静音 Expansion HDD STEB10000400,77213,0,https://www.amazon.co.jp/dp/B07NPMMZ8C,10.0,,,Seagate,drive_external,external HDD-like,0
B084F34HZ6,"Western Digital (ウエスタンデジタル) 10TB WD Red Pro NAS 内蔵型 ハードドライブ HDD - 7,200RPM SATA 6Gb/秒 CMR 256MBキャッシュ 3.5インチ - WD102KFBX",58718,0,https://www.amazon.co.jp/dp/B084F34HZ6,10.0,3.5,SATA,Western Digital,drive_internal,internal HDD-like,0
B08W1H8N87,Western Digital ウエスタンデジタル WD Red Plus 内蔵 HDD ハードディスク 10TB CMR 3.5インチ SATA 7200rpm キャッシュ256MB NAS メーカー保証3年 WD101EFBX-EC 【国内正規取扱代理店】,80800,0,https://www.amazon.co.jp/dp/B08W1H8N87,10.0,3.5,SATA,Western Digital,drive_internal,internal HDD-like,0
B09DV6YSV3,HDD SkyHawk AI 10TB 7.2K 3.5インチ SATA,86427,0,https://www.amazon.co.jp/dp/B09DV6YSV3,10.0,3.5,SATA,Seagate,drive_internal,internal HDD-like,0
B08XKLM6V9,Seagate Expansion 10TB 外付けハードドライブ HDD - USB 3.0、Rescueデータ復旧サービス付き(STKP10000402)。,63090,1,https://www.amazon.co.jp/dp/B08XKLM6V9,10.0,,USB,Seagate,drive_external,external HDD-like,0
