asin,title,price_yen,sponsored,url,capacity_tb,form_factor_in,iface,brand_guess,category,reason,no_recommended_offer
B0DVBRYGSY,Seagate BarraCuda 3.5インチ 24TB 内蔵 ハードディスク HDD PC 2年保証 6Gb/s 512MB 7200rpm 正規代理店品 ST24000DM001/EC,67980,1,https://www.amazon.co.jp/dp/B0DVBRYGSY,24.0,3.5,,Seagate,drive_internal,internal HDD-like,0
B0CWVHL22T,Seagate 内蔵 HDD ハードディスク 24TB NAS向け 24時間365日 5年保証 データ復旧3年付 CMR IronwolfPro 国内正規代理店品 ST24000NT002,121980,1,https://www.amazon.co.jp/dp/B0CWVHL22T,24.0,,,Seagate,drive_internal,internal HDD-like,0
B0CLL4NQX9,"サンディスクプロフェッショナル 外付けHDD 24TB G-RAID MIRROR RAID 0,1 Mac向け Thunderbolt 3対応 Ultrastar搭載 SDPHH2H-024T-SBAAD/E 国内正規代理店品",189800,1,https://www.amazon.co.jp/dp/B0CLL4NQX9,24.0,,USB,Western Digital,drive_external,external HDD-like,0
B0DDP28FCJ,ウエスタンデジタル(Western Digital) WD デスクトップHDD 24TB USB 3.2 Gen 1 WD Elements Desktop 外付けハードディスク / WDBBKG0240HBK-JESN メーカー2年保証 国内正規代理店品,129800,1,https://www.amazon.co.jp/dp/B0DDP28FCJ,24.0,,USB,Western Digital,drive_external,external HDD-like,0
B0F1NLJF8C,Seagate Barracuda 24TB 内蔵ハードドライブ 7200 U/分、512MBキャッシュ、SATA 6Gb/s、3.5インチ (ST24000DM001),69800,0,https://www.amazon.co.jp/dp/B0F1NLJF8C,24.0,3.5,SATA,Seagate,drive_internal,internal HDD-like,0
B0FTLPB9LV,【Amazon.co.jp限定】 バッファロー 外付け ハードディスク 24TB CMR HDD 大容量 パソコン 専用 【 Windows/mac/ChromeOS 対応 】バックアップ 静音 コンパクト 日本製 故障予測 みまもり合図 HD-AD24U3,129800,0,https://www.amazon.co.jp/dp/B0FTLPB9LV,24.0,,,BUFFALO,drive_external,external HDD-like,0
B0FKN2S7TW,【Amazon.co.jp限定】Western Digital ウエスタンデジタル Ultrastar DC HC670 24TB データセンター向け 内蔵HDD ハードディスク CMR 3.5インチ SATA 7200rpm OptiNAND 高耐久 5年保証 WUH722624ALE6L4-AJP エコパッケージ 【国内正規代理店】,108596,0,https://www.amazon.co.jp/dp/B0FKN2S7TW,24.0,3.5,SATA,Western Digital,drive_internal,internal HDD-like,0
B0DVM1Z46T,Seagate Expansion 24TB 外付けハードドライブ HDD (STKP20000400)。,77700,0,https://www.amazon.co.jp/dp/B0DVM1Z46T,24.0,,,Seagate,drive_external,external HDD-like,0
B0CMV9Q5MT,Seagate Expansion デスクトップ 3.5インチ 【データ復旧 3年付】24TB 外付 ハードディスク HDD 3年保証 静音 PC Win Mac 対応 STKP24000400,94000,0,https://www.amazon.co.jp/dp/B0CMV9Q5MT,24.0,3.5,,Seagate,drive_internal,internal HDD-like,0
B0FX8X9ZSS,【Amazon.co.jp限定】Seagate 内蔵 HDD ハードディスク 24TB NAS向け 24時間365日 5年保証 データ復旧3年付 CMR IronwolfPro 国内正規代理店品 エコパッケージ ST24000NT002/EC,121980,0,https://www.amazon.co.jp/dp/B0FX8X9ZSS,24.0,,,Seagate,drive_internal,internal HDD-like,0
B0FK8FQ98Y,IODATA 大容量 24TB ポータブル HDD CMRドライブ 採用 USB 5Gbps パソコン データ保存 win10 win11 データ移行 データ抹消 アプリ 情報漏洩 防止 情シス バックアップ 横置き 縦置き両対応 日本メーカー HDCX-UT24P/E,129800,0,https://www.amazon.co.jp/dp/B0FK8FQ98Y,24.0,,USB,IODATA,drive_external,external HDD-like,0
B0DMB8BV8V,WD242KRYZ [WD Gold（24TB 3.5インチ SATA 6G 7200rpm 512MB CMR Helium）],103789,0,https://www.amazon.co.jp/dp/B0DMB8BV8V,24.0,3.5,SATA,Western Digital,drive_internal,internal HDD-like,0
B0DX5WQKN9,【Amazon.co.jp限定】Western Digital ウエスタンデジタル WD Gold 内蔵 HDD ハードディスク 24TB 3.5インチ SATA 7200rpm キャッシュ512MB エンタープライズ メーカー保証5年 WD242KRYZ-AJP エコパッケージ【国内正規取扱代理店】,126403,0,https://www.amazon.co.jp/dp/B0DX5WQKN9,24.0,3.5,SATA,Western Digital,drive_internal,internal HDD-like,0
B0D24TQK3Q,WD Red Pro 24TB NAS 3.5インチ内蔵ハードドライブ - 7200 RPMクラス、SATA 6 Gb/s、CMR、512MBキャッシュ。,119992,0,https://www.amazon.co.jp/dp/B0D24TQK3Q,24.0,3.5,SATA,Western Digital,drive_internal,internal HDD-like,0
B0D7BWCCKF,サンディスクプロフェッショナル 外付けHDD 24TB G-DRIVE Mac向け タイムマシン対応 メーカー3年保証 SDPHF1A-024T-SBAAD/UE 国内正規代理店品,158000,0,https://www.amazon.co.jp/dp/B0D7BWCCKF,24.0,,,,drive_external,external HDD-like,0
B0CNT1RNZ8,WD241KRYZ [WD Gold (24TB 3.5インチ SATA 6G 7200rpm 512MB CMR)],115667,0,https://www.amazon.co.jp/dp/B0CNT1RNZ8,24.0,3.5,SATA,Western Digital,drive_internal,internal HDD-like,0
B0D7N5XRSV,WD 24TB Elements デスクトップ外付けハードドライブ プラグアンドプレイストレージ用 USB 3.2 Gen1 - WDBWLG0240HBK-NESN。,101200,0,https://www.amazon.co.jp/dp/B0D7N5XRSV,24.0,,USB,Western Digital,drive_external,external HDD-like,0
B0DZY2TN8T,WD241KFGX [WD Red Pro（24TB 3.5インチ SATA 6G 7200rpm 512MB CMR）],120960,0,https://www.amazon.co.jp/dp/B0DZY2TN8T,24.0,3.5,SATA,Western Digital,drive_internal,internal HDD-like,0
B0DJBLLLJF,WD デスクトップHDD 24TB USB3.0 暗号化 パスワード保護 バックアップ My Book 外付けハードディスク / WDBBGB0240HBK-JESN/UE メーカー3年保証,,0,https://www.amazon.co.jp/dp/B0DJBLLLJF,24.0,,USB,Western Digital,drive_external,external HDD-like,0
B0FGY6X4Z2,【Amazon.co.jp限定】Western Digital ウエスタンデジタル WD Purple Pro 監視用HDD ハードディスク 24TB CMR 3.5inch SATA 7200rpm キャッシュ512MB OptiNAND AllFrame AI 64台カメラ対応 5年保証 WD241PURP-AJP エコパッケージ 【国内正規代理店】,127760,0,https://www.amazon.co.jp/dp/B0FGY6X4Z2,24.0,3.5,SATA,Western Digital,drive_internal,internal HDD-like,0
B0FCZFWW4C,Western Digital 24TB WD Purple Pro Surveillance 内蔵ハードドライブ HDD - SATA 6 Gb/s 512 MB キャッシュ 3.5インチ - WD241PURP,105613,0,https://www.amazon.co.jp/dp/B0FCZFWW4C,24.0,3.5,SATA,Western Digital,drive_internal,internal HDD-like,0
B0D234T664,"SanDisk Professional 24TB Gドライブプロジェクト - 外付けHDD、Thunderbolt 3、USB (10Gbps)、7,200RPM Ultrastarハードドライブ、最大260MB/秒読み取り - SDPHG1H-024T-NBAAD。",176828,0,https://www.amazon.co.jp/dp/B0D234T664,24.0,,USB,Western Digital,drive_external,external HDD-like,0
B0D19T59C8,SanDisk Professional 24TB G-Drive エンタープライズクラス外付けデスクトップハードドライブ - 7200RPM Ultrastar HDD 内蔵、USB-C (10Gbps)、USB 3.2 Gen 2、Mac対応 - SDPHF1A-024T-NBAAD。,147852,0,https://www.amazon.co.jp/dp/B0D19T59C8,24.0,,USB,Western Digital,drive_internal,internal HDD-like,0
B0D7NVVY49,WD 24TB My Book デスクトップ外付けハードドライブ パスワード保護とバックアップソフトウェア付き USB 3.2 Gen1 exFAT - WDBBGB0240HBK-NESN,122078,0,https://www.amazon.co.jp/dp/B0D7NVVY49,24.0,,USB,Western Digital,drive_external,external HDD-like,0
B0CNXWJKQK,LaCie 外付けHDD ハードディスク 24TB d2 Professional USB-C Mac/iPad/Windows対応 [ 大容量 高容量 ] 5年保証 STHA24000800,188139,0,https://www.amazon.co.jp/dp/B0CNXWJKQK,24.0,,USB,,drive_external,external HDD-like,0
B0DVHL8J3W,Ubiquiti Networks Enterprise 3.5インチ HDD、24TB (UACC-HDD-E-24TB)。,123656,0,https://www.amazon.co.jp/dp/B0DVHL8J3W,24.0,3.5,,,drive_internal,internal HDD-like,0
B0FX438ZFL,外付けHDD ハードディスク 24TB d2 Professional USB-C Mac/iPad/Windows対応 [ 大容量 高容量 ] STHA24000800 [並行輸入品],188138,0,https://www.amazon.co.jp/dp/B0FX438ZFL,24.0,,USB,,drive_external,external HDD-like,0
B08KH4366H,Eclair PRO Mobile USB3.1 Gen2/USB3.0対応 ミラーリング HDD 24TB EM352B31-12T02,299750,0,https://www.amazon.co.jp/dp/B08KH4366H,24.0,,USB,,drive_external,external HDD-like,0
B0DMBQ95MZ,"SanDisk Professional 24TB G-RAID Project 2 - 外付けハードドライブ HDD、Thunderbolt 3、USB (10Gbps)、7,200RPM Ultrastarハードドライブ、最大480MB/秒読み取り - SDPHK2H-024T-NBAAD。",244329,0,https://www.amazon.co.jp/dp/B0DMBQ95MZ,24.0,,USB,Western Digital,drive_external,external HDD-like,0
B0CH21SCYR,"SanDisk (サンディスク) Professional 24TB G-RAIDミラー - 外付けHDD RAID 冗長性 Thunderbolt 3 USB (10Gbps) 7,200RPM Ultrastar HDD RAID 1で最大250MB/秒の読み取り速度 - SDPHH2H-024T-NBAAD",172794,0,https://www.amazon.co.jp/dp/B0CH21SCYR,24.0,,USB,Western Digital,drive_external,external HDD-like,0
B0FX3ZLN37,ラシー HDD 1big Dock 24TB STHS24000800 [並行輸入品],310463,0,https://www.amazon.co.jp/dp/B0FX3ZLN37,24.0,,,,drive_internal,internal HDD-like,0
