asin,title,price_yen,sponsored,url,capacity_tb,form_factor_in,iface,brand_guess,category,reason,no_recommended_offer
B0CLXGXHW3,【Amazon.co.jp限定】Seagate 内蔵 HDD ハードディスク 8TB NAS向け 24時間365日 3年保証 データ復旧3年付 CMR Ironwolf 国内正規代理店品 ST8000VN002,36980,1,https://www.amazon.co.jp/dp/B0CLXGXHW3,8.0,,,Seagate,drive_internal,internal HDD-like,0
B07911QK3X,"【Amazon.co.jp限定】Seagate 3.5インチ 内蔵 HDD ハードディスク8TB 2年保証 5,400rpm BarraCuda 国内正規代理店品 ST8000DM004",32980,1,https://www.amazon.co.jp/dp/B07911QK3X,8.0,3.5,,Seagate,drive_internal,internal HDD-like,0
B0CP7CFNK4,【Amazon.co.jp 限定】Western Digital ウエスタンデジタル WD Red Plus 内蔵 HDD 8TB CMR 3.5インチ SATA 5400rpm キャッシュ64MB NAS メーカー保証3年 WD80EFPX-AJP エコパッケージ 【国内正規取扱代理店】,42520,1,https://www.amazon.co.jp/dp/B0CP7CFNK4,8.0,3.5,SATA,Western Digital,drive_internal,internal HDD-like,0
B07DY13WHP,ウエスタンデジタル WD デスクトップHDD 8TB USB3.0 WD Elements Desktop 外付けハードディスク / WDBBKG0080HBK-JESN メーカー2年保証 国内正規代理店品,42800,1,https://www.amazon.co.jp/dp/B07DY13WHP,8.0,,USB,Western Digital,drive_external,external HDD-like,0
B08N4Q64V6,ロジテックダイレクト 外付け HDD SeeQVault対応 レグザ対応 テレビ録画用 ハードディスク 8TB 大容量 静音 ファンレス設計 国内メーカー 3.5インチ USB3.2 (Gen1) / USB3.0 LHD-ENB080U3QW,35780,1,https://www.amazon.co.jp/dp/B08N4Q64V6,8.0,3.5,USB,,drive_internal,internal HDD-like,0
B0CLQWQ8LF,FFF 外付HDD 8TB テレビ録画用 ハードディスク PC PS4 4K対応 日本国内サポート 日本語説明書 MAL38000EX3-BK-AZ (8TB),27000,0,https://www.amazon.co.jp/dp/B0CLQWQ8LF,8.0,,,,drive_external,external HDD-like,0
B0FHNM8Y2M,【Amazon.co.jp限定】 Seagate 外付け ハードディスク 8TB CMR HDD 【 テレビ録画 / 4K / Windows/mac / PS5 / PS4 / バッファロー製nasne 対応 】 静音 コンパクト Seagate Basic HD-SGDA8U3-B/NA,31980,0,https://www.amazon.co.jp/dp/B0FHNM8Y2M,8.0,,,Seagate,drive_external,external HDD-like,0
B0CLL53VXQ,サンディスクプロフェッショナル 外付けHDD 8TB G-DRIVE PROJECT Mac向け Thunderbolt 3 & USB 3.2 Gen 2対応 Ultrastar搭載 SDPHG1H-008T-SBAAD/E 国内正規代理店品,89000,1,https://www.amazon.co.jp/dp/B0CLL53VXQ,8.0,,USB,Western Digital,drive_external,external HDD-like,0
B082X3NCB5,I-O DATA アイ・オー・データ 【Amazon.co.jp限定】IODATA 外付けHDD 8TB テレビ録画 静音&コンパクト 4K録画/Win/Mac 地デジ最大1004時間録画可能 日本製 EX-HDAZ-UTL8K,32800,0,https://www.amazon.co.jp/dp/B082X3NCB5,8.0,,,IODATA,drive_external,external HDD-like,0
B0GC8WD8QR,エレコム 外付けハードディスク HDD 8TB テレビ録画 PC ファンレス設計 静音 縦置き/横置き ブラック ELD-STV080UBK,31480,0,https://www.amazon.co.jp/dp/B0GC8WD8QR,8.0,,,ELECOM,drive_external,external HDD-like,0
B07SVLMP89,"FFF 3.5"" 8TB 内蔵ハードディスク HDD 3.5インチ 6Gb/s 256MB 7200rpm デスクトップ 大容量 MAL38000SA-T72",24800,0,https://www.amazon.co.jp/dp/B07SVLMP89,8.0,3.5,,,drive_internal,internal HDD-like,0
B0C4K4HKT6,バッファロー HD-EDC8U3-BA USB 3.2(Gen1) 対応 高性能CMR HDD採用 HDD 8TB,31620,0,https://www.amazon.co.jp/dp/B0C4K4HKT6,8.0,,USB,BUFFALO,drive_external,external HDD-like,0
B0BMKPT7VC,【Amazon.co.jp限定】バッファロー CMR HDD採用 外付けハードディスク 8TB テレビ録画/PC/PS4/4K対応 バッファロー製nasne™対応 静音&コンパクト 日本製 故障予測 みまもり合図 HD-ACD8U3,34980,0,https://www.amazon.co.jp/dp/B0BMKPT7VC,8.0,,,BUFFALO,drive_external,external HDD-like,0
B092VBDD4C,バッファロー USB3.2(Gen.1)対応外付けHDD メカニカルハードデイスク 8TB ブラック HD-LE8U3-BB,34719,0,https://www.amazon.co.jp/dp/B092VBDD4C,8.0,,USB,BUFFALO,drive_external,external HDD-like,0
B0BSKXV91P,I-O DATA 外付けハードディスク 8TB 日本製 テレビ録画/4K/PC/PS4/静音/コンパクト 故障予測 診断アプリ 土日サポート EX-HDD8UT,30980,0,https://www.amazon.co.jp/dp/B0BSKXV91P,8.0,,,,drive_external,external HDD-like,0
B0GC4TG3NY,HDD 外付け 8TB 大容量 ハードディスク 静音設計 空冷構造 【 テレビ録画 / 4K / Windows/mac / PS5 / PS4 対応/レグザ対応】 国内メーカー USB3.1 (Gen1) / USB3.0 LHD-EN80U3WS,26700,0,https://www.amazon.co.jp/dp/B0GC4TG3NY,8.0,,USB,,drive_external,external HDD-like,0
B0BWPMYPCP,ウエスタンデジタル(Western Digital) WD デスクトップHDD 8TB USB3.0 暗号化 パスワード保護 バックアップ My Book 2021 外付けハードディスク / WDBBGB0080HBK-JEEX/E メーカー3年保証 国内正規代理店品,45800,0,https://www.amazon.co.jp/dp/B0BWPMYPCP,8.0,,USB,Western Digital,drive_external,external HDD-like,0
B097GTNJ12,ロジテックダイレクト HDD 外付け 8TB 大容量 ハードディスク 静音設計 空冷構造 【 テレビ録画 / 4K / Windows/mac / PS5 / PS4 対応/レグザ対応】 国内メーカー USB3.1 (Gen1) / USB3.0 LHD-EN80U3WS,32480,0,https://www.amazon.co.jp/dp/B097GTNJ12,8.0,,USB,,drive_external,external HDD-like,0
B0BSFBP2C9,アイ・オー・データ IODATA 外付けHDD 8TB テレビ録画用 大容量 4K対応 24時間連続 地デジ録画約1004時間 静音 日本メーカー AVHD-US8/E,36800,0,https://www.amazon.co.jp/dp/B0BSFBP2C9,8.0,,,IODATA,drive_external,external HDD-like,0
B0CP314RM7,WD85PURZ [WD Purple（8TB 3.5インチ SATA 6G 5640rpm 256MB）],45500,0,https://www.amazon.co.jp/dp/B0CP314RM7,8.0,3.5,SATA,Western Digital,drive_internal,internal HDD-like,0
B0DJCP4KM1,"東芝 N300シリーズ 3.5"" NAS HDD 8TB(CMR) フィールドレイク取扱品 3年保証 国内サポート・故障時の同時交換対応 N300A08 - HDWG780UZSVA 7,200rpm SATA 24x7 RVセンサー搭載",40800,0,https://www.amazon.co.jp/dp/B0DJCP4KM1,8.0,,SATA,Toshiba,drive_internal,internal HDD-like,0
B0C5WYJY9F,【Amazon.co.jp限定】バッファロー 外付けハードディスク 8TB テレビ録画 USB3.2(Gen1)対応 外付けHDD HDV-LLDC8U3BA/N,,0,https://www.amazon.co.jp/dp/B0C5WYJY9F,8.0,,USB,BUFFALO,drive_external,external HDD-like,0
B0FKB5TMTZ,外付けHDD ハードディスク 8TB テレビ録画 4K対応 Windows Mac PS5 PS4 USB3.2 (Gen1) / USB3.0 EOP35100BK-8T,29800,0,https://www.amazon.co.jp/dp/B0FKB5TMTZ,8.0,,USB,,drive_external,external HDD-like,0
B07N24G1V8,ラシー LaCie 外付けHDD ハードディスク 8TB d2 Professional USB-C Mac/iPad/Windows対応 国内正規代理店品 5年保証 STHA8000800,57800,0,https://www.amazon.co.jp/dp/B07N24G1V8,8.0,,USB,,drive_external,external HDD-like,0
B08LDFWV5V,エレコム HDD 外付けハードディスク 8TB SeeQVault対応 テレビ録画 かんたん接続ガイド付き 静音ファンレス設計 ブラック ELD-QEN2080UBK,37700,0,https://www.amazon.co.jp/dp/B08LDFWV5V,8.0,,,ELECOM,drive_external,external HDD-like,0
B0GC4SY13G,HDD 外付け 8TB 大容量 ハードディスク 白 ホワイト 静音設計 空冷構造 【 テレビ録画 / 4K / Windows/mac / PS5 / PS4 対応/レグザ対応】 国内メーカー USB3.1 (Gen1) / USB3.0 LHD-EN80U3WSWH,26500,0,https://www.amazon.co.jp/dp/B0GC4SY13G,8.0,,USB,,drive_external,external HDD-like,0
B0CB9WTG5F,エレコム 外付けハードディスク 8TB SeeQVault対応 テレビ録画 4K対応 USB3.2(Gen1) 静音 ファンレス設計 ELD-QEN080UBK/E,34800,0,https://www.amazon.co.jp/dp/B0CB9WTG5F,8.0,,USB,ELECOM,drive_external,external HDD-like,0
B01N68FCL3,バッファロー BUFFALO ハードウェア暗号機能搭載 USB3.0用 外付けHDD 8TB HD-LX8.0U3D,40382,0,https://www.amazon.co.jp/dp/B01N68FCL3,8.0,,USB,BUFFALO,drive_external,external HDD-like,0
B07H4PR6HN,Western Digital HDD 8TB WD Ultrastar データセンター 3.5インチ 内蔵HDD HUS728T8TALE6L4,49181,0,https://www.amazon.co.jp/dp/B07H4PR6HN,8.0,3.5,,Western Digital,drive_internal,internal HDD-like,0
B0B3X8YTN7,アイ・オー・データ IODATA HDD-UT8K (ブラック) テレビ録画&パソコン両対応 外付けハードディスク 8TB,35800,0,https://www.amazon.co.jp/dp/B0B3X8YTN7,8.0,,,IODATA,drive_external,external HDD-like,0
B0B5SKBQGB,バッファロー HD-SQS8U3-A SeeQVault対応 外付けHDD 8TB,38000,0,https://www.amazon.co.jp/dp/B0B5SKBQGB,8.0,,,BUFFALO,drive_external,external HDD-like,0
B0D1V1J2H6,Western Digital 8TB WD Purple Pro Surveillance 内蔵ハードドライブ HDD - SATA 6 Gb/s 256 MB キャッシュ 3.5インチ - WD8002PURP,46713,0,https://www.amazon.co.jp/dp/B0D1V1J2H6,8.0,3.5,SATA,Western Digital,drive_internal,internal HDD-like,0
B06ZYVCBSP,東芝 内蔵HDD 3.5インチ 8TB MD05ACA800 国内正規代理店品 SATA 6Gbps対応,,0,https://www.amazon.co.jp/dp/B06ZYVCBSP,8.0,3.5,SATA,Toshiba,drive_internal,internal HDD-like,0
B08BC8Z6C3,東芝 内蔵HDD 3.5インチ 8TB PCモデル MD06ACA800-2YW 【国内正規代理店品】 2年保証 SATA 6Gbps対応,,0,https://www.amazon.co.jp/dp/B08BC8Z6C3,8.0,3.5,SATA,Toshiba,drive_internal,internal HDD-like,0
B01C2PWLZW,WD HDD 内蔵ハードディスク 3.5インチ 8TB WD Purple 監視カメラ用 WD80PUZX 5400rpm 3年保証,59658,0,https://www.amazon.co.jp/dp/B01C2PWLZW,8.0,3.5,,Western Digital,drive_internal,internal HDD-like,0
B09GRTTYWV,Seagate シーゲイト 8TB ST8000DM004 Barracuda 内蔵 HDD ハードディスク 3.5インチ デスクトップ PC SATA 正規代理店品 180日保証 (整備済み品),,0,https://www.amazon.co.jp/dp/B09GRTTYWV,8.0,3.5,SATA,Seagate,drive_internal,internal HDD-like,0
B09B8YHCVP,Western Digital ウエスタンデジタル WD Purple Pro 内蔵 HDD ハードディスク 8TB CMR 3.5インチ SATA 7200rpm キャッシュ256MB 監視システム メーカー保証5年 WD8001PURP-EC 【国内正規取扱代理店】,64000,0,https://www.amazon.co.jp/dp/B09B8YHCVP,8.0,3.5,SATA,Western Digital,drive_internal,internal HDD-like,0
B07XGDNZXT,Western Digital HDD 8TB WD Gold エンタープライズ 3.5インチ 内蔵HDD WD8004FRYZ,61615,1,https://www.amazon.co.jp/dp/B07XGDNZXT,8.0,3.5,,Western Digital,drive_internal,internal HDD-like,0
