asin,title,price_yen,sponsored,url,capacity_tb,form_factor_in,iface,brand_guess,category,reason,no_recommended_offer
B0CLL964M2,サンディスクプロフェッショナル 外付けHDD 12TB G-DRIVE PROJECT Mac向け Thunderbolt 3 & USB 3.2 Gen 2対応 Ultrastar搭載 SDPHG1H-012T-SBAAD/E 国内正規代理店品,119000,1,https://www.amazon.co.jp/dp/B0CLL964M2,12.0,,USB,Western Digital,drive_external,external HDD-like,0
B093BSR3H4,Seagate Expansion デスクトップ 3.5インチ 【データ復旧 3年付】12TB 外付 ハードディスク HDD 3年保証 静音 PC Win Mac 対応 STKP12000400,62709,1,https://www.amazon.co.jp/dp/B093BSR3H4,12.0,3.5,,Seagate,drive_internal,internal HDD-like,0
B07X71KQDR,ウエスタンデジタル WD デスクトップHDD 12TB USB3.0 WD Elements Desktop 外付けハードディスク WDBBKG0120HBK-JESN メーカー2年保証 国内正規代理店品,57800,1,https://www.amazon.co.jp/dp/B07X71KQDR,12.0,,USB,Western Digital,drive_external,external HDD-like,0
B0F6B9V54S,【Amazon.co.jp 限定】Western Digital ウエスタンデジタル WD Red Plus 内蔵 HDD 12TB CMR 3.5インチ SATA 5400rpm キャッシュ64MB NAS メーカー保証3年 WD120EFAX-AJP エコパッケージ 【国内正規取扱代理店】,58370,0,https://www.amazon.co.jp/dp/B0F6B9V54S,12.0,3.5,SATA,Western Digital,drive_internal,internal HDD-like,0
B0F6BFB12R,【Amazon.co.jp限定】Western Digital ウエスタンデジタル WD Blue 内蔵 HDD ハードディスク 12TB CMR 3.5インチ SATA 7200rpm キャッシュ512MB メーカー保証2年 WD120EAGZ-AJP エコパッケージ【国内正規取扱代理店】,57530,0,https://www.amazon.co.jp/dp/B0F6BFB12R,12.0,3.5,SATA,Western Digital,drive_internal,internal HDD-like,0
B0FX911LPF,【Amazon.co.jp限定】Seagate 内蔵 HDD ハードディスク 12TB NAS向け 24時間365日 3年保証 データ復旧3年付 CMR Ironwolf 国内正規代理店品 エコパッケージ ST12000VN0008/EC,58980,0,https://www.amazon.co.jp/dp/B0FX911LPF,12.0,,,Seagate,drive_internal,internal HDD-like,0
B0F4R6SNJG,WD120EFGX [WD Red Plus（12TB 3.5インチ SATA 6G 7200rpm 512MB CMR）],52989,0,https://www.amazon.co.jp/dp/B0F4R6SNJG,12.0,3.5,SATA,Western Digital,drive_internal,internal HDD-like,0
B0C6C8CFC6,MDD 12TB 7200 RPM 256MB キャッシュ SATA 6.0Gb/s 3.5インチ 内蔵ハードドライブ 監視ストレージ用 (MD12TBGSA25672DVR),50603,0,https://www.amazon.co.jp/dp/B0C6C8CFC6,12.0,3.5,SATA,,drive_internal,internal HDD-like,0
B0F7NB1XS8,WD100EAGZ [WD Blue（12TB 3.5インチ SATA 6G 7200rpm 512MB）],44780,0,https://www.amazon.co.jp/dp/B0F7NB1XS8,12.0,3.5,SATA,Western Digital,drive_internal,internal HDD-like,0
B0DJCNQ3HK,"東芝 N300シリーズ 3.5"" NAS HDD 12TB(CMR) フィールドレイク取扱品 3年保証 国内サポート・故障時の同時交換対応 N300A12 - HDWG51CUZSVA 7,200rpm SATA 24x7 RVセンサー搭載 ヘリウム充填HDD",55380,0,https://www.amazon.co.jp/dp/B0DJCNQ3HK,12.0,,SATA,Toshiba,drive_internal,internal HDD-like,0
B0BCVNP2D7,MDD 12TB 7200RPM SATA 6Gb/s 256MB キャッシュ 3.5インチ 内蔵デスクトップハードドライブ、MD12TBGSA25672。,44674,0,https://www.amazon.co.jp/dp/B0BCVNP2D7,12.0,3.5,SATA,,drive_internal,internal HDD-like,0
B0DSPM9XR8,【Amazon.co.jp限定】Western Digital ウエスタンデジタル WD Gold 内蔵 HDD ハードディスク 12TB 3.5インチ SATA 7200rpm キャッシュ512MB エンタープライズ メーカー保証5年 WD122KRYZ-AJP エコパッケージ【国内正規取扱代理店】,64960,0,https://www.amazon.co.jp/dp/B0DSPM9XR8,12.0,3.5,SATA,Western Digital,drive_internal,internal HDD-like,0
B07XPZZ5F5,Seagate 内蔵 HDD ハードディスク 12TB NAS向け 24時間365日 3年保証 データ復旧3年付 CMR Ironwolf 国内正規代理店品 ST12000VN0008,89837,0,https://www.amazon.co.jp/dp/B07XPZZ5F5,12.0,,,Seagate,drive_internal,internal HDD-like,0
B0BGYV6B9V,MDD 12TB 7200 RPM 256MB キャッシュ SATA 6.0Gb/s 3.5インチ 内蔵ハードドライブ 監視ストレージ用 (MD12TBGSA25672DVR),52058,0,https://www.amazon.co.jp/dp/B0BGYV6B9V,12.0,3.5,SATA,,drive_internal,internal HDD-like,0
B075L6FJH8,Western Digital HDD 12TB WD Gold エンタープライズ 3.5インチ 内蔵HDD WD121KRYZ,65998,0,https://www.amazon.co.jp/dp/B075L6FJH8,12.0,3.5,,Western Digital,drive_internal,internal HDD-like,0
B08755984P,東芝 3.5インチ HDD 12TB NAS PC 向け 内蔵型 CMR 24時間稼働 RVセンサー 搭載 【国内正規代理店品】 3年保証 MN07ACA12T-3YW,,0,https://www.amazon.co.jp/dp/B08755984P,12.0,3.5,,Toshiba,drive_internal,internal HDD-like,0
B0DF9VNT3X,Western Digital 12TB WD Red Pro NAS 内蔵ハードドライブ HDD - 7200 RPM、SATA 6 Gb/s、CMR、512MBキャッシュ、3.5インチ - WD122KFBX,62935,0,https://www.amazon.co.jp/dp/B0DF9VNT3X,12.0,3.5,SATA,Western Digital,drive_internal,internal HDD-like,0
B0CKSRDRF2,【Amazon.co.jp限定】Western Digital ウエスタンデジタル WD Red Plus 内蔵 HDD ハードディスク 12TB CMR 3.5inch SATA 7200rpm キャッシュ256MB NAS WD120EFBX-AJP エコパッケージ 【国内正規代理店】,,0,https://www.amazon.co.jp/dp/B0CKSRDRF2,12.0,3.5,SATA,Western Digital,drive_internal,internal HDD-like,0
B0F5MDWMGP,Seagate シーゲイト 12TB ST12000NM001G Exos SATA HDD 6Gb/s 7200RPM 3.5インチ NAS データセンター エンタープライズ 内蔵ハードディスク (整備済み品),,0,https://www.amazon.co.jp/dp/B0F5MDWMGP,12.0,3.5,SATA,Seagate,drive_internal,internal HDD-like,0
B0966V6YJB,Western Digital (ウエスタンデジタル) 12TB WD Purple Pro 監視内蔵HDD - SATA 6Gb/s 256MBキャッシュ 3.5インチ - WD121PURP,70592,0,https://www.amazon.co.jp/dp/B0966V6YJB,12.0,3.5,SATA,Western Digital,drive_internal,internal HDD-like,0
B0F9YC33Y7,Kinhank (キンハンク) 12TB レトロゲーミングハードドライブ 96000以上のゲーム付き レトロゲームコンソール 250以上のエミュレーターに対応 ポータブルHDD ゲーム用ハードディスクディスク Win-7/8/10/11対応 男性へのギフトに,58359,0,https://www.amazon.co.jp/dp/B0F9YC33Y7,12.0,,,,drive_external,external HDD-like,0
B0C6C9X2QX,MDD (MDD12TSATA25672DVR) 12TB 7200RPM 256MB キャッシュ SATA 6.0Gb/s 3.5インチ 内蔵監視ハードドライブ,46626,0,https://www.amazon.co.jp/dp/B0C6C9X2QX,12.0,3.5,SATA,,drive_internal,internal HDD-like,0
B0D7TQPTTL,Seagate Skyhawk AI 12TB ビデオ内蔵ハードドライブ HDD - 3.5インチ SATA 6Gb/s 256MB キャッシュ DVR NVR セキュリティカメラシステム用 社内レスキューサービス付き - フラストレーションフリーパッケージ (ST12000VE003),61289,0,https://www.amazon.co.jp/dp/B0D7TQPTTL,12.0,3.5,SATA,Seagate,drive_internal,internal HDD-like,0
B07RTMPWD8,"Western Digital (ウエスタンデジタル) 12TB WD Red Pro NAS 内蔵型 ハードドライブ HDD - 7,200RPM SATA 6Gb/秒 CMR 256MBキャッシュ 3.5インチ - WD121KFBX",69446,0,https://www.amazon.co.jp/dp/B07RTMPWD8,12.0,3.5,SATA,Western Digital,drive_internal,internal HDD-like,0
B00LSAK2RW,"WD HDD 外付けハードディスク 12TB My Book Duo WDBLWE0120JCH-JESN USB3.0/RAID 0,1対応/3年保証",79800,0,https://www.amazon.co.jp/dp/B00LSAK2RW,12.0,,USB,Western Digital,drive_external,external HDD-like,0
B07DYNG3N8,Western Digital HDD 12TB WD Purple 監視システム 3.5インチ 内蔵HDD WD121PURZ,60470,0,https://www.amazon.co.jp/dp/B07DYNG3N8,12.0,3.5,,Western Digital,drive_internal,internal HDD-like,0
