asin,title,price_yen,sponsored,url,capacity_tb,form_factor_in,iface,brand_guess,category,reason,no_recommended_offer
B0CNJTBJVW,【整備済み品】 Earth Dreams内蔵 HDD 1TB 3.5インチ NAS丶パソコンPC丶サーバー対応 ハードディスク 保証1年,4980,1,https://www.amazon.co.jp/dp/B0CNJTBJVW,1.0,3.5,,,drive_internal,internal HDD-like,0
B09P4VQ9HX,【整備済み品】 Earth Dreams内蔵 HDD 1TB 2.5インチ NAS丶ノート丶パソコンPC丶サーバー対応 5400回転から ハードディスク 保証1年,5580,1,https://www.amazon.co.jp/dp/B09P4VQ9HX,1.0,2.5,,,drive_internal,internal HDD-like,0
B08ZJDWTJ1,Seagate Expansion ポータブル 2.5インチ 【データ復旧 3年付】1TB 外付 ハードディスク HDD 3年保証 静音 PC Win Mac PS4 PS5 4K 対応 STKM1000400,11780,1,https://www.amazon.co.jp/dp/B08ZJDWTJ1,1.0,2.5,,Seagate,drive_internal,internal HDD-like,0
B07D795SV5,BUFFALO ミニステーション USB3.1(Gen1)/USB3.0用ポータブルHDD 1TB 【 iPhone 16 / 16 pro 動作確認済み 】HD-PCFS1.0U3-BBA,13880,0,https://www.amazon.co.jp/dp/B07D795SV5,1.0,,USB,BUFFALO,drive_external,external HDD-like,0
B08BRVKB6Q,Western Digital ウエスタンデジタル WD Blue 内蔵 HDD ハードディスク 1TB CMR 3.5インチ SATA 7200rpm キャッシュ64MB PC WD10EZEX-EC,9999,0,https://www.amazon.co.jp/dp/B08BRVKB6Q,1.0,3.5,SATA,Western Digital,drive_internal,internal HDD-like,0
B01N3XVWRV,MARSHAL 3.5インチ 内蔵 ハードディスク 3.5インチ 1TB 32MB 7200rpm SATA MAL31000SA-T72,4200,0,https://www.amazon.co.jp/dp/B01N3XVWRV,1.0,3.5,SATA,,drive_internal,internal HDD-like,0
B0BMJLQYZ9,Seagate ST1000DM003 Barracuda 3.5インチ 1TB 7200RPM SATA ハードドライブ,4600,0,https://www.amazon.co.jp/dp/B0BMJLQYZ9,1.0,3.5,SATA,Seagate,drive_internal,internal HDD-like,0
B0FPLPL7HQ,"【整備済み品】 東芝 HDD 1TB, 3.5インチ 内蔵 ハードディスク SATA 6Gb/s 5700rpm 32MB キャッシュ, ビデオ編集、DVR、NVRアプリケーション向け、DT01ABA100V、1年間の保証",6480,0,https://www.amazon.co.jp/dp/B0FPLPL7HQ,1.0,3.5,SATA,Toshiba,drive_internal,internal HDD-like,0
B0FHKXMVD9,薄型USB3.0 2.5インチ 外付けハードドライブ HDD 160G/250G/320G/500G/750G/1TBストレージオプション ポータブルSSD ゲーム用,6729,1,https://www.amazon.co.jp/dp/B0FHKXMVD9,1.0,2.5,USB,,drive_internal,internal HDD-like,0
B00XBIUSQE,東芝 2.5インチ 1TB HDD ハードディスク SATA 5400rpm 8MB 9.5mm 茶箱梱包仕様 MQ01ABD100 TOSHIBA (整備済み品),5400,0,https://www.amazon.co.jp/dp/B00XBIUSQE,1.0,2.5,SATA,Toshiba,drive_internal,internal HDD-like,0
B01M04WP2B,"Seagate BarraCuda 3.5"" 1TB 内蔵ハードディスク HDD 2年保証 6Gb/s 64MB 7200rpm 正規代理店品 ST1000DM010",9999,0,https://www.amazon.co.jp/dp/B01M04WP2B,1.0,,,Seagate,drive_internal,internal HDD-like,0
B07L97RGR8,I-O DATA USB 3.1 Gen 1/2.0対応 ポータブルハードディスク 「カクうす Lite」 ブラック 1TB HDPH-UT1KR,13000,0,https://www.amazon.co.jp/dp/B07L97RGR8,1.0,,USB,,drive_external,external HDD-like,0
B006VR41U6,WD 内蔵HDD Green 1TB 3.5inch SATA3.0（SATA 6 Gb/s） 64MB Intellipower 2年保証 WD10EZRX,9999,0,https://www.amazon.co.jp/dp/B006VR41U6,1.0,3.5,SATA,Western Digital,drive_internal,internal HDD-like,0
B00CB8STZM,WD HDD 内蔵ハードディスク 2.5インチ 1TB WD Blue WD10JPVX SATA3.0 5400rpm 8MB 9.5mm 2年保証 PS4動作検証済み,7999,0,https://www.amazon.co.jp/dp/B00CB8STZM,1.0,2.5,,Western Digital,drive_internal,internal HDD-like,0
B07SKSVB84,東芝 Canvio 1TB USB3.2(Gen1)対応 ポータブルHDD PC/TV対応 バッファローサポート 国内メーカー 故障予測 外付け Mac ブラック HD-TPA1U3-B/N,15700,0,https://www.amazon.co.jp/dp/B07SKSVB84,1.0,,USB,Toshiba,drive_external,external HDD-like,0
B00V5Z0630,【SSHD】【ハイブリッド】東芝 内蔵 ハードディスク HDD 2.5 インチ【安心の茶箱梱包仕様】9.5mm 1TB 5400rpm キャッシュ 8GB Serial ATA 3.0 / ATA-8 SATA MQ02ABD100H,7699,0,https://www.amazon.co.jp/dp/B00V5Z0630,1.0,2.5,SATA,Toshiba,drive_internal,internal HDD-like,0
B008P56QAU,Western Digital HDD 1TB WD Red NAS RAID 3.5インチ 内蔵HDD WD10EFRX,,0,https://www.amazon.co.jp/dp/B008P56QAU,1.0,3.5,,Western Digital,drive_internal,internal HDD-like,0
B0DSKKYDML,【整備済み品】Western Digital WD Blue 1TB 内蔵HDD CMR 3.5インチ SATA 7200rpm 64MBキャッシュ PC用 WD10EZEX,5180,0,https://www.amazon.co.jp/dp/B0DSKKYDML,1.0,3.5,SATA,Western Digital,drive_internal,internal HDD-like,0
B009QWUF9E,"【Amazon.co.jp限定】WD HDD 内蔵ハードディスク 3.5インチ 1TB Blue WD10EZEX/N / 7,200rpm / SATA 6Gb/s / 2年保証 / FFP",9899,0,https://www.amazon.co.jp/dp/B009QWUF9E,1.0,3.5,SATA,Western Digital,drive_internal,internal HDD-like,0
B0FJFBML5P,IODATA 電源不要 外付けHDD 1TB トロッカ テレビ録画 静音 コンパクト 4K録画 USBバスパワー対応 日本メーカー HDPZ-UT1KB,12800,0,https://www.amazon.co.jp/dp/B0FJFBML5P,1.0,,,IODATA,drive_external,external HDD-like,0
B013HNYVLA,Western Digital HDD 1TB WD Blue PC 3.5インチ 内蔵HDD WD10EZRZ-RT,9159,0,https://www.amazon.co.jp/dp/B013HNYVLA,1.0,3.5,,Western Digital,drive_internal,internal HDD-like,0
B072L175ZW,Western Digital HDD 1TB WD Purple 監視システム 3.5インチ 内蔵HDD WD10PURZ,13980,0,https://www.amazon.co.jp/dp/B072L175ZW,1.0,3.5,,Western Digital,drive_internal,internal HDD-like,0
B0GDG5J6N6,"【Amazon.co.jp限定】東芝 内蔵 HDD 3.5インチ SATA 6Gb/s 5700rpm 32MB キャッシュ, ビデオ編集、TV録画、DVR、NVRアプリケーション向け、1年間の保証(整備済み品) (容量：1TB)",5999,0,https://www.amazon.co.jp/dp/B0GDG5J6N6,1.0,3.5,SATA,Toshiba,drive_internal,internal HDD-like,0
B009AYVNMQ,東芝 内蔵型SATA HDD 1TB ［MQ01ABD100］ (バルク品),7999,0,https://www.amazon.co.jp/dp/B009AYVNMQ,1.0,,,Toshiba,drive_internal,internal HDD-like,0
B06VVS7S94,ウエスタンデジタル(Western Digital)WD ポータブルHDD 1TB USB3.0 ブラック WD Elements Portable 外付けハードディスク / メーカー2年保証 WDBUZG0010BBK-WESN 国内正規代理店品,17000,0,https://www.amazon.co.jp/dp/B06VVS7S94,1.0,,USB,Western Digital,drive_external,external HDD-like,0
B0FBLMKTPW,Seagate シーゲイト 1TB ST1000DM014 Barracuda 内蔵 HDD ハードディスク 3.5インチ デスクトップ SATA 7200rpm 正規代理店品 180日保証 (整備済み品),8550,0,https://www.amazon.co.jp/dp/B0FBLMKTPW,1.0,3.5,SATA,Seagate,drive_internal,internal HDD-like,0
B006JF7LEI,Seagate 3.5inch 内蔵ハードディスク 1.0TB 7200rpm 64MBキャッシュ 1TBプラッタ技術採用 SATA3.0 6Gbps ST1000DM003,7999,0,https://www.amazon.co.jp/dp/B006JF7LEI,1.0,3.5,,Seagate,drive_internal,internal HDD-like,0
B07D5BRLFD,BUFFALO USB3.1(Gen1)対応 耐衝撃ポータブルHDD 1TBブラック HD-PZF1.0U3-BKA,14440,0,https://www.amazon.co.jp/dp/B07D5BRLFD,1.0,,USB,BUFFALO,drive_external,external HDD-like,0
B08DNC1BJ3,ウエスタンデジタル(Western Digital) WD Blue 内蔵 HDD ハードディスク 1TB SMR 2.5インチ SATA 5400rpm キャッシュ128MB ノート PC メーカー保証2年 WD10SPZX-EC 【国内正規取扱代理店】,,0,https://www.amazon.co.jp/dp/B08DNC1BJ3,1.0,2.5,SATA,Western Digital,drive_internal,internal HDD-like,0
B07T17PT95,アイ・オー・データ機器 HDPT-UTS1K USB3.1 Gen1対応ポータブルハードディスク「高速カクうす」 カーボンブラック 1TB,13800,0,https://www.amazon.co.jp/dp/B07T17PT95,1.0,,USB,IODATA,drive_external,external HDD-like,0
B008MGX6U0,WESTERN DIGITAL 3.5インチ内蔵HDD 1TB SATA6.0Gb/s 7200rpm 64MB WD10EZEX,9999,0,https://www.amazon.co.jp/dp/B008MGX6U0,1.0,3.5,,Western Digital,drive_internal,internal HDD-like,0
B0FDG4TNRS,IODATA ポータブル HDD 1TB カクうす Silver×Green USB 5Gbps Time Machine 対応 (Win/mac/USB-A) 日本メーカー HDPX-UTS1S/UE,13800,0,https://www.amazon.co.jp/dp/B0FDG4TNRS,1.0,,USB,IODATA,drive_external,external HDD-like,0
B092VBR2KK,バッファロー USB3.2(Gen.1)対応外付けHDD 1TB ブラック HD-LE1U3-BB,15220,0,https://www.amazon.co.jp/dp/B092VBR2KK,1.0,,USB,BUFFALO,drive_external,external HDD-like,0
B094R1T4GS,Seagate One Touch HDD パスワード機能付【データ復旧 3年付】 1TB 黒 外付 ハードディスク HDD 3年保証 PS4 PS5 Win Mac 対応 正規代理店品 STKY1000400,12980,0,https://www.amazon.co.jp/dp/B094R1T4GS,1.0,,,Seagate,drive_external,external HDD-like,0
B001T8UDH2,Seagate 3.5インチ内蔵HDD 1TB 7200rpm S-ATAII 32MB ST31000528AS,,0,https://www.amazon.co.jp/dp/B001T8UDH2,1.0,3.5,,Seagate,drive_internal,internal HDD-like,0
B004JFZIYU,SEAGATE 3.5 SATA HDD 7200RPM 1TB ( 1000GB ) ST31000524AS,5400,1,https://www.amazon.co.jp/dp/B004JFZIYU,1.0,,SATA,Seagate,drive_internal,internal HDD-like,0
