asin,title,price_yen,sponsored,url,capacity_tb,form_factor_in,iface,brand_guess,category,reason,no_recommended_offer
B0BGSG32RD,Seagate 内蔵 HDD ハードディスク 2TB NAS向け 24時間365日 5年保証 データ復旧3年付 CMR IronwolfPro 国内正規代理店品 ST2000NT001,22980,1,https://www.amazon.co.jp/dp/B0BGSG32RD,2.0,,,Seagate,drive_internal,internal HDD-like,0
B07VSPL8FJ,ウエスタンデジタル(Western Digital) WD Mac用ポータブルHDD 2TB USB3.0 タイムマシン対応 My Passport for Mac 暗号化 パスワード保護 / メーカー3年保証 WDBA2D0020BBL-WESN 国内正規代理店品,17980,1,https://www.amazon.co.jp/dp/B07VSPL8FJ,2.0,,USB,Western Digital,drive_external,external HDD-like,0
B07D7978NV,バッファロー BUFFALO ミニステーション USB3.1(Gen1)/USB3.0用ポータブルHDD 2TB HD-PCFS2.0U3-BBA,15980,0,https://www.amazon.co.jp/dp/B07D7978NV,2.0,,USB,BUFFALO,drive_external,external HDD-like,0
B07BK5HR89,【Amazon.co.jp限定】バッファロー 外付けハードディスク 2TB テレビ録画/PC/PS4/4K対応 バッファロー製nasne™対応 静音&コンパクト 日本製 故障予測 みまもり合図 HD-AD2U3,14980,0,https://www.amazon.co.jp/dp/B07BK5HR89,2.0,,,BUFFALO,drive_external,external HDD-like,0
B0FX8T12PY,"【Amazon.co.jp限定】Seagate 3.5インチ 内蔵 HDD ハードディスク2TB 2年保証 7,200rpm BarraCuda 国内正規代理店品 エコパッケージ ST2000DM008/EC",,1,https://www.amazon.co.jp/dp/B0FX8T12PY,2.0,3.5,,Seagate,drive_internal,internal HDD-like,0
B094QZLJQ6,Seagate One Touch HDD パスワード機能付【データ復旧 3年付】 2TB 黒 外付 ハードディスク HDD 3年保証 PS4 PS5 Win Mac 対応 正規代理店品 STKY2000400,20359,1,https://www.amazon.co.jp/dp/B094QZLJQ6,2.0,,,Seagate,drive_external,external HDD-like,0
B009CMI5WC,WD HDD 内蔵ハードディスク 3.5インチ 2TB Green WD20EZRX / Intellipower / SATA 6Gb/s / 2年保証,9380,0,https://www.amazon.co.jp/dp/B009CMI5WC,2.0,3.5,SATA,Western Digital,drive_internal,internal HDD-like,0
B09NVCKN1M,エレコム ポータブルHDD ハードディスク 2TB PC/テレビ録画用 USB3.2(Gen1) ブラック ELP-PTV020UBK,13999,0,https://www.amazon.co.jp/dp/B09NVCKN1M,2.0,,USB,ELECOM,drive_external,external HDD-like,0
B08ZJG6TVT,Seagate Expansion ポータブル 2.5インチ 【データ復旧 3年付】2TB 外付 ハードディスク HDD 3年保証 静音 PC Win Mac PS4 PS5 4K 対応 STKM2000400,14480,0,https://www.amazon.co.jp/dp/B08ZJG6TVT,2.0,2.5,,Seagate,drive_internal,internal HDD-like,0
B005ZI2HRQ,Seagate Barracuda Green ST2000DL001 2TB 5900RPM 32MB キャッシュ SATA 3.0Gb/s 3.5インチ 内蔵ハードドライブ,7500,0,https://www.amazon.co.jp/dp/B005ZI2HRQ,2.0,3.5,SATA,Seagate,drive_internal,internal HDD-like,0
B07DNDLHH8,【TOSHIBA】 HDTB520AK3AA 2TB USB3.0対応 / ポータブルHDD,17380,0,https://www.amazon.co.jp/dp/B07DNDLHH8,2.0,,USB,Toshiba,drive_external,external HDD-like,0
B0B3XCH7DD,バッファロー HD-EDS2U3-BE パソコン&テレビ録画用 外付けHDD 2TB,14625,0,https://www.amazon.co.jp/dp/B0B3XCH7DD,2.0,,,BUFFALO,drive_external,external HDD-like,0
B01MA3J236,Seagate Barracuda 2.5インチ2TB 内蔵 ハードディスク HDD ノートブック PC 2年保証 6Gb/s 128MB 5400rpm 正規代理店品 ST2000LM015,15980,0,https://www.amazon.co.jp/dp/B01MA3J236,2.0,2.5,,Seagate,drive_internal,internal HDD-like,0
B0CKLCFR1Q,【Amazon.co.jp限定】Western Digital ウエスタンデジタル WD Blue 内蔵 HDD ハードディスク 2TB CMR 3.5インチ SATA 5400rpm キャッシュ 64MB メーカー保証2年 WD20EARZ-AJP エコパッケージ 【国内正規取扱代理店】,,0,https://www.amazon.co.jp/dp/B0CKLCFR1Q,2.0,3.5,SATA,Western Digital,drive_internal,internal HDD-like,0
B0GDG9G3J7,"【Amazon.co.jp限定】東芝 内蔵 HDD 3.5インチ SATA 6Gb/s 5700rpm 32MB キャッシュ, ビデオ編集、TV録画、DVR、NVRアプリケーション向け、1年間の保証(整備済み品) (容量：2TB)",11999,0,https://www.amazon.co.jp/dp/B0GDG9G3J7,2.0,3.5,SATA,Toshiba,drive_internal,internal HDD-like,0
B0C4WX4YPD,ウエスタンデジタル 2TB WD パープル 監視内蔵ハードドライブ HDD - SATA 6Gb/秒 64MBキャッシュ 3.5インチ - WD23PURZ,18384,0,https://www.amazon.co.jp/dp/B0C4WX4YPD,2.0,3.5,SATA,Western Digital,drive_internal,internal HDD-like,0
B07K39VRBG,"Seagate 3.5インチ 内蔵 HDD ハードディスク2TB 2年保証 7,200rpm BarraCuda 国内正規代理店品 ST2000DM008",,0,https://www.amazon.co.jp/dp/B07K39VRBG,2.0,3.5,,Seagate,drive_internal,internal HDD-like,0
B0D9NDCRG4,FFF 外付けHDD 2TB ポータブルハードディスク テレビ録画 PC PS4 対応 日本国内サポート 日本語説明書 MAL22000EX3-BK (2TB),12000,0,https://www.amazon.co.jp/dp/B0D9NDCRG4,2.0,,,,drive_external,external HDD-like,0
B07MZZT9DP,"Seagate 3.5インチ 内蔵 HDD ハードディスク2TB 2年保証 5,400rpm BarraCuda 国内正規代理店品 ST2000DM005",13999,0,https://www.amazon.co.jp/dp/B07MZZT9DP,2.0,3.5,,Seagate,drive_internal,internal HDD-like,0
B07SGNVKCJ,東芝(TOSHIBA) Canvio 2TB USB3.2(Gen1)対応 ポータブルHDD PC/TV対応 バッファローサポート 国内メーカー 故障予測 外付け Mac ブラック HD-TPA2U3-B/N,22000,0,https://www.amazon.co.jp/dp/B07SGNVKCJ,2.0,,USB,Toshiba,drive_external,external HDD-like,0
B07B4KXTQK,Transcend ポータブルHDD 2TB 耐衝撃 スリムタイプ USB3.1 Gen1 アイロングレー 3年保証 TS2TSJ25M3S,19500,0,https://www.amazon.co.jp/dp/B07B4KXTQK,2.0,,USB,,drive_external,external HDD-like,0
B08C4QSTJF,東芝 内蔵HDD 3.5インチ 2TB TV録画モデル DT02ABA200V-2YW 【国内正規代理店品】 2年保証,,0,https://www.amazon.co.jp/dp/B08C4QSTJF,2.0,3.5,,Toshiba,drive_internal,internal HDD-like,0
B0GCCH8TC2,エレコム 外付けハードディスク ポータブル HDD 2TB USB 5Gbps USB3.2(Gen1) 対応 テレビ録画 PC 静音 ELP-STV020UBK,17800,0,https://www.amazon.co.jp/dp/B0GCCH8TC2,2.0,,USB,ELECOM,drive_external,external HDD-like,0
B008P56QTG,WD HDD 内蔵ハードディスク 3.5インチ 2TB WD Red NAS用 WD20EFRX SATA3.0 5400rpm 3年保証,14999,0,https://www.amazon.co.jp/dp/B008P56QTG,2.0,3.5,,Western Digital,drive_internal,internal HDD-like,0
B00DUGEL3S,WD20EARS Western Digital HDD 2TB Sata3.0 Caviar Green デスクトップストレージ,12888,0,https://www.amazon.co.jp/dp/B00DUGEL3S,2.0,,,Western Digital,drive_internal,internal HDD-like,0
B01JZ0GTC8,"Seagate BarraCuda 3.5"" 2TB 内蔵ハードディスク HDD 2年保証 6Gb/s 64MB 7200rpm 正規代理店品 ST2000DM006",,0,https://www.amazon.co.jp/dp/B01JZ0GTC8,2.0,,,Seagate,drive_internal,internal HDD-like,0
B0DW42ZVVX,【Amazon.co.jp限定】Seagate SkyHawk 3.5インチ 【データ復旧 3年付】 2TB 内蔵 ハードディスク HDD CMR 3年保証 6Gb/s 256MB 5400rpm ネットワーク 監視 カメラ ビデオレコーダー ST2000VX017/EC,14480,0,https://www.amazon.co.jp/dp/B0DW42ZVVX,2.0,3.5,,Seagate,drive_internal,internal HDD-like,0
B0D78TL9XV,【整備済み品】 WD HDD 内蔵ハードディスク 3.5インチ 2TB WD Red NAS用 WD20EFRX SATA3.0 5400rpm,10900,0,https://www.amazon.co.jp/dp/B0D78TL9XV,2.0,3.5,,Western Digital,drive_internal,internal HDD-like,0
B0BY84FN43,エレコム 外付けハードディスク HDD 2TB テレビ録画 PC ファンレス設計 静音 縦置き/横置き ブラック ELD-STV020UBK,14980,0,https://www.amazon.co.jp/dp/B0BY84FN43,2.0,,,ELECOM,drive_external,external HDD-like,0
B09KRGPKTS,アイ・オー・データ ポータブルハードディスク 2TB USB 3.2 Gen 1(USB 3.0)対応 Silver×Green 日本製 HDPX-UTSC2S,17622,0,https://www.amazon.co.jp/dp/B09KRGPKTS,2.0,,USB,IODATA,drive_external,external HDD-like,0
B005T3GRN2,SEAGATE 7200.14 3.5inch 2TB 64MB 7200rpm SATA6.0Gb/s ST2000DM001 [並行輸入品],11999,0,https://www.amazon.co.jp/dp/B005T3GRN2,2.0,3.5,,Seagate,drive_internal,internal HDD-like,0
B0857M7C3C,Western Digital ウエスタンデジタル WD Blue 内蔵 HDD ハードディスク 2TB SMR 3.5インチ SATA 5400rpm キャッシュ256MB PC メーカー保証2年 WD20EZAZ-EC 【国内正規取扱代理店】,16999,0,https://www.amazon.co.jp/dp/B0857M7C3C,2.0,3.5,SATA,Western Digital,drive_internal,internal HDD-like,0
B08M36BGFH,東芝 外付け ハードディスク 2TB 【 テレビ録画 / 4K / Windows/mac / PS4 / バッファロー製nasne™ 対応 】 静音 コンパクト Canvio Desktop HD-TDA2U3-B/N,15500,0,https://www.amazon.co.jp/dp/B08M36BGFH,2.0,,,Toshiba,drive_external,external HDD-like,0
B082X362PT,【Amazon.co.jp限定】アイ・オー・データ IODATA 外付けHDD 2TB テレビ録画 静音&コンパクト 4K録画/Win/Mac 地デジ最大251時間録画可能 日本製 EX-HDAZ-UTL2K メカニカルハードデイスク,15800,0,https://www.amazon.co.jp/dp/B082X362PT,2.0,,,IODATA,drive_external,external HDD-like,0
B003SKJY4M,Western Digital Caviar Green 3.5inch 5400rpm 2TB 64MB SATA 3.0Gbps WD20EARS,,0,https://www.amazon.co.jp/dp/B003SKJY4M,2.0,3.5,SATA,Western Digital,drive_internal,internal HDD-like,0
B0FKB345DN,外付けHDD ハードディスク 2TB テレビ録画 4K対応 Windows Mac PS5 PS4 USB3.2 (Gen1) / USB3.0 EOP35100BK-2T,12980,0,https://www.amazon.co.jp/dp/B0FKB345DN,2.0,,USB,,drive_external,external HDD-like,0
B01LZ7ADD1,"Seagate IronWolf 3.5"" データ復旧3年付 2TB 内蔵HDD(CMR) 3年保証 6Gb/s 64MB 5900rpm 24時間稼動 PC NAS向け ST2000VN004",,0,https://www.amazon.co.jp/dp/B01LZ7ADD1,2.0,,,Seagate,drive_internal,internal HDD-like,0
B09964CHYX,トランセンドジャパン Transcend ポータブルHDD 2TB 耐衝撃 USB3.1 Gen1 [Type-A/Type-C 両対応] 3年保証 TS2TSJ25M3C-E 【Amazon.co.jp限定】,22800,0,https://www.amazon.co.jp/dp/B09964CHYX,2.0,,USB,,drive_external,external HDD-like,0
B009CPDI62,TOSHIBA DT01ACA200 [2TB/3.5インチ内蔵ハードディスク] [7200rpm] / SATA 6Gb/s/ バルク品,20313,1,https://www.amazon.co.jp/dp/B009CPDI62,2.0,3.5,SATA,Toshiba,drive_internal,internal HDD-like,0
