asin,title,price_yen,sponsored,url,capacity_tb,form_factor_in,iface,brand_guess,category,reason,no_recommended_offer
B0DVBKMPF7,【Amazon.co.jp限定】 Seagate BarraCuda 3.5インチ 16TB 内蔵 ハードディスク HDD PC 2年保証 6Gb/s 512MB 7200rpm 正規代理店品 ST16000DM001/EC,50980,1,https://www.amazon.co.jp/dp/B0DVBKMPF7,16.0,3.5,,Seagate,drive_internal,internal HDD-like,0
B0D8KQBP3N,【Amazon.co.jp限定】Seagate 内蔵 HDD ハードディスク 16TB NAS向け 24時間365日 5年保証 データ復旧3年付 CMR IronwolfPro 国内正規代理店品 ST16000NT001/EC,79980,1,https://www.amazon.co.jp/dp/B0D8KQBP3N,16.0,,,Seagate,drive_internal,internal HDD-like,0
B093BWYJ9Q,Seagate Expansion デスクトップ 3.5インチ 【データ復旧 3年付】16TB 外付 ハードディスク HDD 3年保証 静音 PC Win Mac 対応 STKP16000400,52980,1,https://www.amazon.co.jp/dp/B093BWYJ9Q,16.0,3.5,,Seagate,drive_internal,internal HDD-like,0
B0CLL596MV,"サンディスクプロフェッショナル 外付けHDD 16TB G-RAID MIRROR RAID 0,1 Mac向け Thunderbolt 3対応 Ultrastar搭載 SDPHH2H-016T-SBAAD/E 国内正規代理店品",149800,1,https://www.amazon.co.jp/dp/B0CLL596MV,16.0,,USB,Western Digital,drive_external,external HDD-like,0
B0FKG81FL7,"WD hdd 16TB 3.5インチ7200rpm,Digital Western HGST 内蔵型ハードディスクドライブ 512MBのキャッシュ,ウエスタンデジタル 内蔵hdd テレビ録画用 Nas CMR SATA 6Gb/S (整備済み品)",43800,0,https://www.amazon.co.jp/dp/B0FKG81FL7,16.0,3.5,SATA,Western Digital,drive_internal,internal HDD-like,0
B0DRJP4GJ6,【Amazon.co.jp限定】Western Digital ウエスタンデジタル WD Red Pro 内蔵 HDD ハードディスク 16TB CMR 3.5inch SATA 7200rpm キャッシュ512MB NAS WD161KFGX-AJP エコパッケージ 【国内正規代理店】,78110,0,https://www.amazon.co.jp/dp/B0DRJP4GJ6,16.0,3.5,SATA,Western Digital,drive_internal,internal HDD-like,0
B0FFRXMQVV,"シーゲイト HDD x16 16TB Exos,3.5インチ 内蔵 ハードディスク RAID (CMR), SATA3.0 外付け ハードディスク 7200rpm 24時間稼動 PC 法人向けストレージ/NAS向け ST16000NM001G(整備済み品)",45830,0,https://www.amazon.co.jp/dp/B0FFRXMQVV,16.0,3.5,,Seagate,drive_internal,internal HDD-like,0
B08P6TT8HQ,ウエスタンデジタル(Western Digital) WD デスクトップHDD 16TB USB3.0 WD Elements Desktop 外付けハードディスク / WDBBKG0160HBK-JESN メーカー2年保証 国内正規代理店品,75800,0,https://www.amazon.co.jp/dp/B08P6TT8HQ,16.0,,USB,Western Digital,drive_external,external HDD-like,0
B0F1NK18LK,Seagate Barracuda 16TB 内蔵ハードドライブ 7200 U/分、512MBキャッシュ、SATA 6Gb/s、3.5インチ (ST16000DM001),60000,0,https://www.amazon.co.jp/dp/B0F1NK18LK,16.0,3.5,SATA,Seagate,drive_internal,internal HDD-like,0
B0BWPXZWKV,"ウエスタンデジタル(Western Digital) WD デスクトップHDD 16TB USB3.2 Gen 1 暗号化 RAID 0,1 バックアップ My Book Duo 2021EX / WDBFBE0160JBK-JEEX/E メーカー3年保証 国内正規代理店品",98000,1,https://www.amazon.co.jp/dp/B0BWPXZWKV,16.0,,USB,Western Digital,drive_external,external HDD-like,0
B0FK8V67J1,IODATA 大容量 16TB ポータブル HDD CMRドライブ 採用 USB 5Gbps パソコン データ保存 win10 win11 データ移行 データ抹消 アプリ 情報漏洩 防止 情シス バックアップ 横置き 縦置き両対応 日本メーカー HDCX-UT16P/E,74800,0,https://www.amazon.co.jp/dp/B0FK8V67J1,16.0,,USB,IODATA,drive_external,external HDD-like,0
B0DJCP3YKH,"東芝 N300シリーズ 3.5"" NAS HDD 16TB(CMR) フィールドレイク取扱品 3年保証 国内サポート・故障時の同時交換対応 N300A16 - HDWG51GUZSVA 7,200rpm SATA 24x7 RVセンサー搭載 ヘリウム充填HDD",73180,0,https://www.amazon.co.jp/dp/B0DJCP3YKH,16.0,,SATA,Toshiba,drive_internal,internal HDD-like,0
B0CKT9C2SH,【Amazon.co.jp限定】Western Digital ウエスタンデジタル WD Gold 内蔵 HDD ハードディスク 16TB HelioSeal 3.5インチ SATA 7200rpm キャッシュ512MB エンタープライズ メーカー保証5年 WD161KRYZ-AJP エコパッケージ【国内正規取扱代理店】,79040,0,https://www.amazon.co.jp/dp/B0CKT9C2SH,16.0,3.5,SATA,Western Digital,drive_internal,internal HDD-like,0
B0B73V426T,Seagate シーゲイト 16TB ST16000NM001G Exos SATA HDD 6Gb/s 7200RPM 3.5インチ NAS データセンター エンタープライズ 内蔵ハードディスク (整備済み品),54600,0,https://www.amazon.co.jp/dp/B0B73V426T,16.0,3.5,SATA,Seagate,drive_internal,internal HDD-like,0
B0G5WYK77H,Seagate BarraCuda 16TB ST16000DM001 3.5インチ 内蔵 ハードディスク HDD CMR 6Gb/s 512MB 7200RPM デスクトップPC オールインワンPC 正規代理店品 180日保証(整備済み品),52725,0,https://www.amazon.co.jp/dp/B0G5WYK77H,16.0,3.5,,Seagate,drive_internal,internal HDD-like,0
B08H1T666Y,Western Digital WUH721816ALE6L4 3.5インチ 16TB SATA 6Gb/s7.2K RPM 512M 0F38462 512e/4Kn HDD,57861,0,https://www.amazon.co.jp/dp/B08H1T666Y,16.0,3.5,SATA,Western Digital,drive_internal,internal HDD-like,0
B092R4955J,SEAGATE (シーゲイト) Expansion 16TB 外付けハードドライブ HDD - USB 3.0 Rescueデータ復旧サービス付き (STKP16000400),64175,0,https://www.amazon.co.jp/dp/B092R4955J,16.0,,USB,Seagate,drive_external,external HDD-like,0
B08KTRKB6S,WD 16TB Elements デスクトップ外付けハードドライブ、プラグアンドプレイストレージ用USB 3.0 - WDBWLG0160HBK-NESN。,71334,0,https://www.amazon.co.jp/dp/B08KTRKB6S,16.0,,,Western Digital,drive_external,external HDD-like,0
B07W1YLQSZ,"Seagate IronWolf Pro 3.5"" データ復旧3年付 16TB HDD(CMR) 5年保証24時間稼動 PC NAS 用 RVセンサ ST16000NE000",100000,0,https://www.amazon.co.jp/dp/B07W1YLQSZ,16.0,,,Seagate,drive_internal,internal HDD-like,0
B0G2BHLKZ6,東芝 MG09ACA16TE [3.5インチ内蔵HDD / 16TB / 7200rpm / MG09 シリーズ/国内サポート対応],72700,0,https://www.amazon.co.jp/dp/B0G2BHLKZ6,16.0,3.5,,Toshiba,drive_internal,internal HDD-like,0
B0C77TKK13,Seagate 外付ハードディスク 16TB 静音 Expansion HDD STKP16000400 [並行輸入品],52800,0,https://www.amazon.co.jp/dp/B0C77TKK13,16.0,,,Seagate,drive_external,external HDD-like,0
B0921PYS45,Western Digital HDD 16TB WD Ultrastar DC HC550 データセンター 3.5インチ 内蔵HDD WUH721816ALE6L4,64401,0,https://www.amazon.co.jp/dp/B0921PYS45,16.0,3.5,,Western Digital,drive_internal,internal HDD-like,0
B08P4G82SQ,東芝 3.5インチ HDD 16TB PC サーバー ビジネス 向け 内蔵型 CMR 【国内正規代理店品】5年保証 MG08ACA16TE-5YW,100325,0,https://www.amazon.co.jp/dp/B08P4G82SQ,16.0,3.5,,Toshiba,drive_internal,internal HDD-like,0
B08P37G3BF,"東芝(TOSHIBA) 3.5"" HDD メカニカルハードデイスク 16TB(CMR) 国内正規代理店品 3年保証 国内サポート・故障時の同時交換対応 MN08ACA16T /JP 7,200rpm SATA 24x7 RVセンサー搭載 ヘリウム充填HDD",,0,https://www.amazon.co.jp/dp/B08P37G3BF,16.0,,SATA,Toshiba,drive_internal,internal HDD-like,0
B08KY4P7L5,Western Digital 16TB Elements デスクトップ外付けハードドライブ - USB 3.0。,67948,0,https://www.amazon.co.jp/dp/B08KY4P7L5,16.0,,USB,Western Digital,drive_external,external HDD-like,0
B0B7B45TST,3.5インチハードディスク 大容量 16TB 256MB SATA 6Gbit/s 7200rpm 3.5インチ SATA MAL316000SA-T72,78000,0,https://www.amazon.co.jp/dp/B0B7B45TST,16.0,3.5,SATA,,drive_internal,internal HDD-like,0
B08C542TWX,ラシー LaCie 外付けHDD ハードディスク 16TB d2 Professional USB-C Mac/iPad/Windows対応 [ 大容量 高容量 ] 国内正規代理店品 5年保証STHA16000800,106497,0,https://www.amazon.co.jp/dp/B08C542TWX,16.0,,USB,,drive_external,external HDD-like,0
B0B1PFQXLC,Toshiba MGシリーズ 16TB 内蔵サーバーハードドライブ MG08ACA16TE 3.5インチ HDD SATA 6Gb/s 7200RPM 512MB キャッシュ 24/7。,78291,0,https://www.amazon.co.jp/dp/B0B1PFQXLC,16.0,3.5,SATA,Toshiba,drive_internal,internal HDD-like,0
B0C6BYY35S,MDD 16TB 7200RPM 256MB キャッシュ SATA 6.0Gb/s 3.5インチ 内蔵ハードドライブ 監視ストレージ用 (MD16TGSA25672DVR),63136,0,https://www.amazon.co.jp/dp/B0C6BYY35S,16.0,3.5,SATA,,drive_internal,internal HDD-like,0
B07PPNS732,LaCie ラシー 外付けHDD ハードディスク 16TB 2big RAID USB-C Mac/iPad/Windows対応 [ 大容量 高容量 ] 国内正規代理店品 5年保証 STHJ16000800,120257,0,https://www.amazon.co.jp/dp/B07PPNS732,16.0,,USB,,drive_external,external HDD-like,0
B09BN3Z8N5,"WD デスクトップHDD 16TB USB3.1 Gen 1 暗号化 RAID 0,1 バックアップ My Book Duo 2021EX / WDBFBE0160JBK-JEEX 3年保証",86364,0,https://www.amazon.co.jp/dp/B09BN3Z8N5,16.0,,USB,Western Digital,drive_external,external HDD-like,0
B0FCXS5MRF,HDD 16TB USB3.0 暗号化 パスワード保護 バックアップ My Book 2021 外付けハードディスク / WDBBGB0160HBK-JEEX/E [並行輸入品],83680,0,https://www.amazon.co.jp/dp/B0FCXS5MRF,16.0,,USB,,drive_external,external HDD-like,0
B09BN2DPH8,WD デスクトップHDD 16TB USB3.0 暗号化 パスワード保護 バックアップ My Book 2021 外付けハードディスク / 3年保証 WDBBGB0160HBK-JEEX,96800,0,https://www.amazon.co.jp/dp/B09BN2DPH8,16.0,,USB,Western Digital,drive_external,external HDD-like,0
B088PBNDFH,Seagate Expansion HDD 3.5” 【データ復旧3年付】 16TB 静音 縦横置 省エネ3年保証 外付けハードディスク STEB16000400,80765,0,https://www.amazon.co.jp/dp/B088PBNDFH,16.0,,,Seagate,drive_internal,internal HDD-like,0
B08G7ZQ2LV,"TOSHIBA 東芝 3.5"" 内蔵HDD 16TB(CMR) 7,200rpm 512MBキャッシュ SATA 24x7 RVS搭載 NASに最適ハードディスク3年保証 国内サポート対応 MN08ACA16T",129800,1,https://www.amazon.co.jp/dp/B08G7ZQ2LV,16.0,,SATA,Toshiba,drive_internal,internal HDD-like,0
