asin,title,price_yen,sponsored,url,capacity_tb,form_factor_in,iface,brand_guess,category,reason,no_recommended_offer
B0D8KQL8ND,"【Amazon.co.jp限定】Seagate 3.5インチ 内蔵 HDD ハードディスク6TB 2年保証 5,400rpm BarraCuda 国内正規代理店品 ST6000DM003/EC",24980,1,https://www.amazon.co.jp/dp/B0D8KQL8ND,6.0,3.5,,Seagate,drive_internal,internal HDD-like,0
B00PAJIALM,ロジテック 外付けHDD ハードディスク USB3.1 Gen1（USB3.0） 6TB ホワイト LHD-EN60U3WSWH,23480,1,https://www.amazon.co.jp/dp/B00PAJIALM,6.0,,USB,,drive_external,external HDD-like,0
B0BGSFH22V,Seagate 内蔵 HDD ハードディスク 6TB NAS向け 24時間365日 5年保証 データ復旧3年付 CMR IronwolfPro 国内正規代理店品 ST6000NT001,37354,1,https://www.amazon.co.jp/dp/B0BGSFH22V,6.0,,,Seagate,drive_internal,internal HDD-like,0
B08N4D2MTM,ロジテックダイレクト HDD 外付け SeeQVault対応 レグザ対応 テレビ録画用 ハードディスク 6TB 大容量 静音 ファンレス設計 国内メーカー 3.5インチ USB3.2 (Gen1) / USB3.0 LHD-ENB060U3QW,25980,1,https://www.amazon.co.jp/dp/B08N4D2MTM,6.0,3.5,USB,,drive_internal,internal HDD-like,0
B07QPNK96T,【Amazon.co.jp限定】バッファロー 外付けハードディスク 6TB テレビ録画/PC/PS4/4K対応 バッファロー製nasne™対応 静音&コンパクト 日本製 故障予測 みまもり合図 HD-AD6U3,22480,0,https://www.amazon.co.jp/dp/B07QPNK96T,6.0,,,BUFFALO,drive_external,external HDD-like,0
B0BN8VZ22H,エレコム 外付けHDD ハードディスク ハイブリッドドライブ 6TB テレビ録画用/Mac/Windowsブラック ELD-HTV060UBK,19502,0,https://www.amazon.co.jp/dp/B0BN8VZ22H,6.0,,,ELECOM,drive_external,external HDD-like,0
B00OREQTD2,ロジテックダイレクト HDD 外付け 6TB 大容量 高耐久 24時間連続稼働 WD Red plus 内蔵 【 Win/Mac / PS4 / PS5 / テレビ録画 】 ハードディスク 静音 ファンレス 国内メーカー LHD-EN60U3WR,46280,1,https://www.amazon.co.jp/dp/B00OREQTD2,6.0,,,Western Digital,drive_internal,internal HDD-like,0
B0D3GW9R4G,ウエスタンデジタル(Western Digital) WD ポータブルHDD 6TB USB3.0 ブラック WD Elements Portable 外付けハードディスク / メーカー2年保証 WDBHJS0060BBK-WESN 国内正規代理店品,35198,1,https://www.amazon.co.jp/dp/B0D3GW9R4G,6.0,,USB,Western Digital,drive_external,external HDD-like,0
B0C4Y6CQV1,エレコム 外付けハードディスク HDD 6TB テレビ録画 PC ファンレス設計 静音 縦置き/横置き ブラック ELD-STV060UBK,22480,0,https://www.amazon.co.jp/dp/B0C4Y6CQV1,6.0,,,ELECOM,drive_external,external HDD-like,0
B07TSYRWH7,バッファロー 6TB 外付けHDD HD-NRLD6.0U3-BA,22970,0,https://www.amazon.co.jp/dp/B07TSYRWH7,6.0,,,BUFFALO,drive_external,external HDD-like,0
B0G38ZXZH4,外付けHDD ハードディスク ハイブリッドドライブ 6TB テレビ録画用/Mac/Windowsブラック ELD-HTV060UBK,18200,0,https://www.amazon.co.jp/dp/B0G38ZXZH4,6.0,,,,drive_external,external HDD-like,0
B00PAJBWCG,ロジテック 外付けHDD ハードディスク 6TB 【 テレビ録画 / 4K / Windows / mac / PS5 / PS4 対応】 国内メーカー USB3.1 (Gen1) / USB3.0 LHD-EN60U3WS,22480,0,https://www.amazon.co.jp/dp/B00PAJBWCG,6.0,,USB,,drive_external,external HDD-like,0
B0FHNVFZZ3,【Amazon.co.jp限定】 Seagate 外付け ハードディスク 6TB CMR HDD 【 テレビ録画 / 4K / Windows/mac / PS5 / PS4 / バッファロー製nasne 対応 】 静音 コンパクト Seagate Basic HD-SGDA6U3-B/NA,22980,0,https://www.amazon.co.jp/dp/B0FHNVFZZ3,6.0,,,Seagate,drive_external,external HDD-like,0
B082X3NCB6,【Amazon.co.jp限定】 アイ・オー・データ IODATA 外付けHDD 6TB テレビ録画 静音&コンパクト 4K録画/Win/Mac 地デジ最大753時間録画可能 日本製 EX-HDAZ-UTL6K,24800,0,https://www.amazon.co.jp/dp/B082X3NCB6,6.0,,,IODATA,drive_external,external HDD-like,0
B0GBXF3LV2,【整備済み品】Western Digital 内蔵 HDD 6TB WD Blue WD60EZAZ PC増設・データバックアップ用 3.5インチ SATA,24800,1,https://www.amazon.co.jp/dp/B0GBXF3LV2,6.0,3.5,SATA,Western Digital,drive_internal,internal HDD-like,0
B0GJ819CR7,【整備済み品】Western Digital HDD 6TB WD Purple 監視システム 3.5インチ 内蔵HDD WD60PURZ,34800,1,https://www.amazon.co.jp/dp/B0GJ819CR7,6.0,3.5,,Western Digital,drive_internal,internal HDD-like,0
B0CKLF9WBB,【Amazon.co.jp限定】Western Digital ウエスタンデジタル WD Blue 内蔵 HDD ハードディスク 6TB CMR 3.5インチ SATA 5400rpm キャッシュ256MB メーカー保証2年 WD60EZAX-AJP エコパッケージ【国内正規取扱代理店】,31730,0,https://www.amazon.co.jp/dp/B0CKLF9WBB,6.0,3.5,SATA,Western Digital,drive_internal,internal HDD-like,0
B0858VP66C,Western Digital ウエスタンデジタル WD Blue 内蔵 HDD ハードディスク 6TB SMR 3.5インチ SATA 5400rpm キャッシュ256MB PC メーカー保証2年 WD60EZAZ-EC 【国内正規取扱代理店】,29800,0,https://www.amazon.co.jp/dp/B0858VP66C,6.0,3.5,SATA,Western Digital,drive_internal,internal HDD-like,0
B0DQD5YMS8,Seagate 内蔵 HDD ハードディスク 6TB NAS向け 24時間365日 3年保証 データ復旧3年付 CMR Ironwolf 国内正規代理店品 ST6000VN006,,0,https://www.amazon.co.jp/dp/B0DQD5YMS8,6.0,,,Seagate,drive_internal,internal HDD-like,0
B0BMKQNZ29,【Amazon.co.jp限定】バッファロー CMR HDD採用 外付けハードディスク 6TB テレビ録画/PC/PS4/4K対応 バッファロー製nasne™対応 静音&コンパクト 日本製 故障予測 みまもり合図 HD-ACD6U3,24980,0,https://www.amazon.co.jp/dp/B0BMKQNZ29,6.0,,,BUFFALO,drive_external,external HDD-like,0
B0GCZJZ6ZT,外付けHDD ハードディスク ハイブリッドドライブ 6TB テレビ録画用/Mac/Windowsブラック ELD-HTV060UBK,18500,0,https://www.amazon.co.jp/dp/B0GCZJZ6ZT,6.0,,,,drive_external,external HDD-like,0
B0BNGL4BND,ウエスタンデジタル WD60EZAX [WD Blue（6TB 3.5インチ SATA 6G 5400rpm 256MB CMR）],29335,0,https://www.amazon.co.jp/dp/B0BNGL4BND,6.0,3.5,SATA,Western Digital,drive_internal,internal HDD-like,0
B08M3HQ3PH,東芝 外付け ハードディスク 6TB 【 テレビ録画 / 4K / Windows/mac / PS4 / バッファロー製nasne™ 対応 】 静音 コンパクト Canvio Desktop HD-TDA6U3-B/N,,0,https://www.amazon.co.jp/dp/B08M3HQ3PH,6.0,,,Toshiba,drive_external,external HDD-like,0
B0FKB2YF29,外付けHDD ハードディスク 6TB テレビ録画 4K対応 Windows Mac PS5 PS4 USB3.2 (Gen1) / USB3.0 EOP35100BK-6T,20980,0,https://www.amazon.co.jp/dp/B0FKB2YF29,6.0,,USB,,drive_external,external HDD-like,0
B0GLNY7WYC,外付けHDD ハードディスク ハイブリッドドライブ 6TB テレビ録画用/Mac/Windowsブラック ELD-HTV060UBK,17500,0,https://www.amazon.co.jp/dp/B0GLNY7WYC,6.0,,,,drive_external,external HDD-like,0
B0BSTMRSLX,HDD-UTL6K USB 3.2 Gen1対応ハードディスク 6TB,24000,0,https://www.amazon.co.jp/dp/B0BSTMRSLX,6.0,,USB,,drive_external,external HDD-like,0
B0C4WTF5N2,"Heywood Western Digital 6TB WD Purple Surveillance Internal Hard Drive HDD - SATA 6 Gb/s, 256 MB Cache, 3.5/in - WD64PURZ",34500,0,https://www.amazon.co.jp/dp/B0C4WTF5N2,6.0,,SATA,Western Digital,drive_internal,internal HDD-like,0
B0GCZSRTZH,外付ハードディスクドライブ 外付けHDD ハードディスク ハイブリッドドライブ 6TB テレビ録画用/Mac/Windowsブラック,18000,0,https://www.amazon.co.jp/dp/B0GCZSRTZH,6.0,,,,drive_external,external HDD-like,0
B092VBG6L8,バッファロー USB3.2(Gen.1)対応外付けHDD 6TB ブラック HD-LE6U3-BB,26380,0,https://www.amazon.co.jp/dp/B092VBG6L8,6.0,,USB,BUFFALO,drive_external,external HDD-like,0
B0C4K3DJSW,バッファロー HD-EDC6U3-BA USB 3.2(Gen1) 対応 高性能CMR HDD採用 HDD 6TB,23053,0,https://www.amazon.co.jp/dp/B0C4K3DJSW,6.0,,USB,BUFFALO,drive_external,external HDD-like,0
B0FWJ2MW4M,外付け HDD ハイブリッドドライブ 6TB テレビ録画用 ブラック,17551,0,https://www.amazon.co.jp/dp/B0FWJ2MW4M,6.0,,,,drive_external,external HDD-like,0
B0FS1Y6CFC,6TB 外付けHDD HD-NRLD6.0U3-BA,19999,0,https://www.amazon.co.jp/dp/B0FS1Y6CFC,6.0,,,,drive_external,external HDD-like,0
B0GC54KBYD,外付けHDD ハードディスク 6TB 【 テレビ録画 / 4K / Windows/mac / PS5 / PS4 対応】 国内メーカー USB3.1 (Gen1) / USB3.0 LHD-EN60U3WS,19500,0,https://www.amazon.co.jp/dp/B0GC54KBYD,6.0,,USB,,drive_external,external HDD-like,0
B00AE4SKIG,S300 6TB HDWT360UZSVA 72RPM。,14208,0,https://www.amazon.co.jp/dp/B00AE4SKIG,6.0,,,,drive_internal,internal HDD-like,0
B0GC67F7SQ,【整備済み品】Western Digital 内蔵 HDD 6TB WD Blue WD60EZRZ PC容量増設・動画データ保存用 3.5インチ SATA,21980,0,https://www.amazon.co.jp/dp/B0GC67F7SQ,6.0,3.5,SATA,Western Digital,drive_internal,internal HDD-like,0
B07XJJ49VJ,バッファロー HD-EDS6.0U3-BA パソコン&テレビ録画用 外付けHDD 6TB,25980,0,https://www.amazon.co.jp/dp/B07XJJ49VJ,6.0,,,BUFFALO,drive_external,external HDD-like,0
B0BSFD7GM4,アイ・オー・データ IODATA 外付けHDD 6TB テレビ録画用 大容量 4K対応 24時間連続 地デジ録画約753時間 静音 日本メーカー AVHD-US6/E,28800,0,https://www.amazon.co.jp/dp/B0BSFD7GM4,6.0,,,IODATA,drive_external,external HDD-like,0
B0DSPP8V92,【Amazon.co.jp限定】Western Digital ウエスタンデジタル WD Gold 内蔵 HDD ハードディスク 6TB 3.5インチ SATA 7200rpm キャッシュ256MB エンタープライズ メーカー保証5年 WD6004FRYZ-AJP エコパッケージ【国内正規取扱代理店】,41360,0,https://www.amazon.co.jp/dp/B0DSPP8V92,6.0,3.5,SATA,Western Digital,drive_internal,internal HDD-like,0
B09NGTJCHG,アイ・オー・データ HDCX-UTL6K パソコン/テレビ録画対応 外付ハードディスク 6TB,24800,0,https://www.amazon.co.jp/dp/B09NGTJCHG,6.0,,,IODATA,drive_external,external HDD-like,0
B0C5X3NDS5,【Amazon.co.jp限定】バッファロー 外付けハードディスク 6TB テレビ録画 USB3.2(Gen1)対応 外付けHDD HDV-LLDC6U3BA/N,23980,0,https://www.amazon.co.jp/dp/B0C5X3NDS5,6.0,,USB,BUFFALO,drive_external,external HDD-like,0
B0919ZP12D,Western Digital ウエスタンデジタル WD Red Plus 内蔵 HDD ハードディスク 6TB CMR 3.5インチ SATA 5640rpm キャッシュ128MB NAS メーカー保証3年 WD60EFZX-EC,34280,0,https://www.amazon.co.jp/dp/B0919ZP12D,6.0,3.5,SATA,Western Digital,drive_internal,internal HDD-like,0
B08LDDWNGD,エレコム HDD 外付けハードディスク 6TB SeeQVault対応 テレビ録画 かんたん接続ガイド付き 静音ファンレス設計 ブラック ELD-QEN2060UBK,23621,0,https://www.amazon.co.jp/dp/B08LDDWNGD,6.0,,,ELECOM,drive_external,external HDD-like,0
