asin,title,price_yen,sponsored,url,capacity_gb,capacity_tb,form,iface,brand_guess,category,reason
B0F336NLC7,Crucial(クルーシャル) X10 外付け SSD 8TB USB3.2/Type-C iPhone15シリーズ動作確認済 最大読込速度2100MB/秒 正規代理店保証品 Mylioモデル CT8000X10SSD9-02,149980,1,https://www.amazon.co.jp/dp/B0F336NLC7,8192,8.0,Portable,USB,Crucial,drive_external,external hints
B0DT47B99C,【Amazon.co.jp限定】SanDisk SSD 外付け 8TB USB3.2Gen2 読出最大1050MB/秒 防滴防塵 SDSSDE61-8T00-GH25 エクストリーム ポータブルSSD V2 Win Mac PS4 PS5 エコパッケージ 5年保証,167556,1,https://www.amazon.co.jp/dp/B0DT47B99C,8192,8.0,Portable,USB,SanDisk,drive_external,external hints
B0CJG3Q7JW,SanDisk SSD 外付け 8TB USB 3.2 Gen 2x1 読出最大1000MB/秒 サンディスク Desk Drive SSD SDSSDT40-8T00-NA25 メーカー保証3年,127679,1,https://www.amazon.co.jp/dp/B0CJG3Q7JW,8192,8.0,Portable,USB,SanDisk,drive_external,external hints
B0FR9QX23K,"Samsung 9100 PRO 8TB PCIe Gen 5.0 (最大転送速度 14,800MB/秒) NVMe M.2 (2280) 内蔵 SSD MZ-VAP8T0B-IT/EC 国内正規保証品",199990,0,https://www.amazon.co.jp/dp/B0FR9QX23K,8192,8.0,M.2,NVMe,Samsung,drive_internal_nvme,nvme/m.2 hints
B0CL493GN9,Samsung T5 EVO 8TB 外付けSSD USB 3.2 Gen 1 MU-PH8T0S-IT/EC 国内正規保証品,139800,0,https://www.amazon.co.jp/dp/B0CL493GN9,8192,8.0,Portable,USB,Samsung,drive_external,external hints
B0DLK38TR9,SanDisk (サンディスク) 8TB エクストリームポータブルSSD - 最大1050MB/秒、USB-C、USB 3.2 Gen 2、IP65 防水・防塵、アップデートされたファームウェア - 外付けソリッドステートドライブ - SDSSDE61-8T00-G25,168980,0,https://www.amazon.co.jp/dp/B0DLK38TR9,8192,8.0,Portable,USB,SanDisk,drive_external,external hints
B0DFFQT6DN,Western Digital ウエスタンデジタル WD BLACK M.2 SSD 内蔵 8TB NVMe PCIe Gen4 x4 (読取り最大 7200MB/s 書込み最大 6600MB/s) ゲーミング PC WDS800T2X0E-EC SN850X 【国内正規取扱代理店】,370000,0,https://www.amazon.co.jp/dp/B0DFFQT6DN,8192,8.0,M.2,NVMe,Western Digital,drive_internal_nvme,nvme/m.2 hints
B0FWQB2N8C,Biwin X570 PRO 8TB SSD Gen5×4 最大読込：14000MB/s NVMe2.0 M.2 Type 2280 PCIe 内蔵SSD 6nmプロセス 低消費電力 高耐久 メーカー5年保証,216980,0,https://www.amazon.co.jp/dp/B0FWQB2N8C,8192,8.0,M.2,NVMe,,drive_internal_nvme,nvme/m.2 hints
B0FW4JN2R3,Acer Predator GM9000 8TB SSD Gen5×4 超高速(最大読み取り：14000MB/s、最大書き込み：13000MB/s) NVMe2.0 M.2 Type 2280 PCIe 内蔵SSD 6nmプロセス 低消費電力 高耐久 メーカー5年保証,218990,0,https://www.amazon.co.jp/dp/B0FW4JN2R3,8192,8.0,M.2,NVMe,,drive_internal_nvme,nvme/m.2 hints
B0DVBTRJRW,V-MAX 8TB 内蔵SSD SATA III 6 Gb/s 3D NAND TLC 2.5インチ/7mm ソリッドステートドライブ、最大550MB/秒。,165791,0,https://www.amazon.co.jp/dp/B0DVBTRJRW,8192,8.0,2.5inch,SATA,,drive_internal_sata,sata/2.5 hints
B08HDTD7Y5,Samsung SSD 870 QVO 8 TB SATA 2.5 Pulgadas Unidad Interna de Estado sólido,238262,0,https://www.amazon.co.jp/dp/B08HDTD7Y5,8192,8.0,2.5inch,SATA,Samsung,drive_internal_sata,sata/2.5 hints
B0DY2TB1TD,SAMSUNG 9100 PRO 8 TB SSD Gen5 NVMe M.2。,220991,0,https://www.amazon.co.jp/dp/B0DY2TB1TD,8192,8.0,M.2,NVMe,Samsung,drive_internal_nvme,nvme/m.2 hints
B0C85FZBYZ,Samsung 870 QVO 8TB SATA 2.5インチ 内蔵 SSD MZ-77Q8T0B/EC [並行輸入品],258800,0,https://www.amazon.co.jp/dp/B0C85FZBYZ,8192,8.0,2.5inch,SATA,Samsung,drive_internal_sata,sata/2.5 hints
B0F9FCSJP3,"Crucial X10 外付け SSD 8TB USB3.2 / Type-C 最大読込速度2,100MB/秒 クルーシャル ポータブルSSD 正規代理店保証品 CT8000X10SSD9",190240,0,https://www.amazon.co.jp/dp/B0F9FCSJP3,8192,8.0,Portable,USB,Crucial,drive_external,external hints
B09WZK8YMY,SABRENT SSD 8TB、M.2 SSD 8TB、PCIe 4.0 M.2 SSD、NVMe 8TB、Gen4 M.2 2280、内蔵SSD最大7100MB/秒 ロケット4 PLUS エクストリームパフォーマンス (SB-RKT4P-8TB),245736,0,https://www.amazon.co.jp/dp/B09WZK8YMY,8192,8.0,M.2,NVMe,Sabrent,drive_internal_nvme,nvme/m.2 hints
B08L9RQQP5,U32 Shadow 8TB 外付けSSD USB-C ポータブルソリッドステートドライブ,102066,0,https://www.amazon.co.jp/dp/B08L9RQQP5,8192,8.0,Portable,USB,,drive_external,external hints
B08957PT2K,SABRENT SSD 8TB、M.2 SSD 8TB、NVMe 8TB PCIe M.2 2280、内蔵SSD速度最大3300MB (SB-RKTQ-8TB),231296,0,https://www.amazon.co.jp/dp/B08957PT2K,8192,8.0,M.2,NVMe,Sabrent,drive_internal_nvme,nvme/m.2 hints
B0FTMB3X3J,"WD_Black 8TB SN8100 NVMe SSD 内蔵ソリッドステートドライブ - Gen 5 PCIe 5.0x4、M.2 2280、Seq.読み取り速度最大14,900MB/秒、AIアプリケーション、ゲーム、ビデオ編集に最適 - WDS800T1X0M",450979,0,https://www.amazon.co.jp/dp/B0FTMB3X3J,8192,8.0,M.2,NVMe,,drive_internal_nvme,nvme/m.2 hints
B0DG6Q25M2,"Lexar 8TB NM790 SSD PCIe Gen4 NVMe M.2 2280 内蔵ソリッドステートドライブ 最大7,000/6200MB/秒 読み取り/書き込み可能 PS5対応 ゲーマー/クリエイター向け ブラック (LNM790X008T-RNNNU)",254821,0,https://www.amazon.co.jp/dp/B0DG6Q25M2,8192,8.0,M.2,NVMe,Lexar,drive_internal_nvme,nvme/m.2 hints
B08HGH9HK6,(ヴェクトテック) 高速 8TB 外付け SSD USB-C ポータブル ソリッドステートドライブ (USB 3.1 Gen 2) - 最大540MB/秒のデータ転送 3D NANDフラッシュ,130680,0,https://www.amazon.co.jp/dp/B08HGH9HK6,8192,8.0,Portable,USB,,drive_external,external hints
B0BR7Q5GQB,AddOn 8TB ソリッドステートドライブ - 2.5インチ 内蔵型 - SATA (SATA/600) - TAA準拠,159869,1,https://www.amazon.co.jp/dp/B0BR7Q5GQB,8192,8.0,2.5inch,SATA,,drive_internal_sata,sata/2.5 hints
