asin,title,price_yen,sponsored,url,capacity_gb,capacity_tb,form,iface,brand_guess,category,reason
B0GF5Z34V9,MMOMENT MG44 PCIe 4.0 NVMe SSD 4TB M.2 2280 内蔵型ストレージ 読込最大7200MB/s,69900,1,https://www.amazon.co.jp/dp/B0GF5Z34V9,4096,4.0,M.2,NVMe,,drive_internal_nvme,nvme/m.2 hints
B0CCJ19H4F,ES106 SSD 4TB 2.5インチ 7mm SATA3 6Gb/s 3D NAND採用 内蔵型SSD エラー訂正機能 低消費電力 耐震 耐衝撃 3年保証 (4TB),45980,1,https://www.amazon.co.jp/dp/B0CCJ19H4F,4096,4.0,2.5inch,SATA,,drive_internal_sata,sata/2.5 hints
B0CGVZL1M1,【Amazon.co.jp限定】Crucial(クルーシャル) X9 外付け SSD 4TB USB3.2/Type-C Gen2対応 最大読込速度1050MB/秒 正規代理店保証品 Mylio Offer付属モデル CT4000X9SSD902,54500,0,https://www.amazon.co.jp/dp/B0CGVZL1M1,4096,4.0,Portable,USB,Crucial,drive_external,external hints
B08RX4QKXS,"SanDisk 4TB Extreme Portable SSD - Up to 1050MB/s - USB-C, USB 3.2 Gen 2 - External Solid State Drive - SDSSDE61-4T00-G25",81500,0,https://www.amazon.co.jp/dp/B08RX4QKXS,4096,4.0,Portable,USB,SanDisk,drive_external,external hints
B091KNN72M,【Amazon.co.jp限定】SanDisk SSD 外付け 4TB USB 3.2 Gen 2x2 最大2000MB/秒 防滴防塵 SDSSDE81-4T00-GH25 エクストリームプロ ポータブルSSD V2 メーカー5年保証 エコパッケージ,102000,1,https://www.amazon.co.jp/dp/B091KNN72M,4096,4.0,Portable,USB,SanDisk,drive_external,external hints
B0FFT3T3M6,"Nextorage 日本メーカー USB4 ポータブルSSD 4TB USB4 Gen3x2 40Gbps Type-C 最大読出し速度4,000MB/s, 最大書込み速度3,600MB/s, Windows MacOS, PS5, iPhone, スマートフォン 外付けSSD, NX-P4SE4TB/ENEB ネクストレージ",79380,1,https://www.amazon.co.jp/dp/B0FFT3T3M6,4096,4.0,Portable,USB,,drive_external,external hints
B0CJG356ZM,SanDisk SSD 外付け 4TB USB 3.2 Gen 2x1 読出最大1000MB/秒 サンディスク Desk Drive SSD SDSSDT40-4T00-NA25 メーカー保証3年,89111,1,https://www.amazon.co.jp/dp/B0CJG356ZM,4096,4.0,Portable,USB,SanDisk,drive_external,external hints
B0CXHP217P,FX815 SSD 4TB 2.5インチ（7mm）SATA3.0対応 最大読込560MB/s ノートPC/PS4/車載ナビ用 データ移行サポート付 メーカー5年保証,43980,0,https://www.amazon.co.jp/dp/B0CXHP217P,4096,4.0,2.5inch,SATA,,drive_internal_sata,sata/2.5 hints
B0CV7WQVFJ,Nextorage 日本メーカー ポータブルSSD 4TB 20Gbps USB3.2 Gen2x2 Type C 最大読出し速度1600MB/s Windows MacOS PS5 PS4 iPhone15/16/17 Pro iPhone15/16/17 Pro Max 動作確認済み 外付けssd NX-P2SEシリーズ NX-P2SE4TB/ENET ネクストレージ,55980,0,https://www.amazon.co.jp/dp/B0CV7WQVFJ,4096,4.0,Portable,USB,,drive_external,external hints
B0C9WJQ9GP,【Amazon.co.jp限定】Crucial(クルーシャル) X10 Pro 外付け SSD 4TB USB3.2/Type-C iPhone15シリーズ動作確認済 最大読込速度2100MB/秒 正規代理店保証品 Mylioモデル CT4000X10PROSSD902,64980,0,https://www.amazon.co.jp/dp/B0C9WJQ9GP,4096,4.0,Portable,USB,Crucial,drive_external,external hints
B0D4Y77N5H,Crucial(クルーシャル) SSD 内蔵2.5インチ SATA接続 BX500 シリーズ 4TB メーカー3年保証 国内正規代理店品 CT4000BX500SSD1JP,61080,0,https://www.amazon.co.jp/dp/B0D4Y77N5H,4096,4.0,2.5inch,SATA,Crucial,drive_internal_sata,sata/2.5 hints
B0G4Q93QHM,シリコンパワー SSD 4TB 3D NAND採用 SATA3 6Gb/s 2.5インチ 7mm PS4動作確認済 3年保証 A55シリーズ,58980,0,https://www.amazon.co.jp/dp/B0G4Q93QHM,4096,4.0,2.5inch,SATA,,drive_internal_sata,sata/2.5 hints
B0DYMPGWC5,【Amazon.co.jp限定】SanDisk SSD 外付け 4TB USB4 読出最大3800MB/秒 防滴防塵 SDSSDE82-4T00-GH25 エクストリーム プロ ポータブルSSD V2 Win Mac PS5 エコパッケージ 5年保証,114222,0,https://www.amazon.co.jp/dp/B0DYMPGWC5,4096,4.0,Portable,USB,SanDisk,drive_external,external hints
B08RX3TWJZ,ウエスタンデジタル(Western Digital) WD ポータブルSSD 4TB グレー USB3.2 Gen2 My Passport SSD 最大読取り1050 MB/秒 外付けSSD /メーカー5年保証 WDBAGF0040BGY-WESN 国内正規代理店品,82200,0,https://www.amazon.co.jp/dp/B08RX3TWJZ,4096,4.0,Portable,USB,Western Digital,drive_external,external hints
B0FH5TB96N,"Crucial(クルーシャル) P310 4TB 3D NAND NVMe PCle4.0 M.2 SSD 最大7,100MB/秒 CT4000P310SSD8-JP 国内正規保証品",72980,0,https://www.amazon.co.jp/dp/B0FH5TB96N,4096,4.0,M.2,NVMe,Crucial,drive_internal_nvme,nvme/m.2 hints
B0DM252JN1,"Samsung T7 4TB 外付けSSD 最大転送速度1,050MB/秒 USB3.2 Gen2(10Gbps, Type-C) グレー iPhone15/16シリーズ動作確認済み MU-PC4T0T-PD/EC 国内正規保証品【特典付モデル】",71980,0,https://www.amazon.co.jp/dp/B0DM252JN1,4096,4.0,Portable,USB,Samsung,drive_external,external hints
B08RX3343D,"SanDisk 4TB Extreme PRO Portable SSD - Up to 2000MB/s - USB-C, USB 3.2 Gen 2x2 - External Solid State Drive - SDSSDE81-4T00-G25",86980,0,https://www.amazon.co.jp/dp/B08RX3343D,4096,4.0,Portable,USB,SanDisk,drive_external,external hints
B0F5WF647Y,"Western Digital ウエスタンデジタル 内蔵SSD 4TB WD Black SN7100 (読取り最大 7,250MB/秒) M.2-2280 NVMe WDS400T4X0E-EC 【国内正規代理店品】",129980,0,https://www.amazon.co.jp/dp/B0F5WF647Y,4096,4.0,M.2,NVMe,Western Digital,drive_internal_nvme,nvme/m.2 hints
B0C4B1MXQ7,シリコンパワー 4TB SSD 3D NAND A58 SLCキャッシュパフォーマンスブースト SATA III 2.5インチ 7mm 内蔵ソリッドステートドライブ SP004TBSS3A58A25,56980,0,https://www.amazon.co.jp/dp/B0C4B1MXQ7,4096,4.0,2.5inch,SATA,,drive_internal_sata,sata/2.5 hints
B0DC9Q3NGY,ORICO Y20 4TB 内蔵型SSD 2.5インチ 7mm 3D NAND採用 SATAIII 6Gb/s 最大読込：500MB/s (R:500MB/s、W:450MB/s) PS4動作確認済み 内蔵SSD 高耐久 メーカー 3年保証,49980,0,https://www.amazon.co.jp/dp/B0DC9Q3NGY,4096,4.0,2.5inch,SATA,,drive_internal_sata,sata/2.5 hints
B0BS9CFLBJ,【Amazon.co.jp限定】バッファロー SSD 外付け 4TB USB3.2 Gen2 Type‐C 最大読出速度1050MB/秒 防塵防滴 IP55 耐衝撃 MIL‐STD ポータブル 【 iPhone 17 / 17 pro Windows Mac Chrome PS4 PS5 メーカー動作確認済み】 SSD-PHP4.0U3BA/N,172980,0,https://www.amazon.co.jp/dp/B0BS9CFLBJ,4096,4.0,Portable,USB,BUFFALO,drive_external,external hints
B0CL6FQC7H,"シリコンパワー SSD 4TB【超高速 ゲーミングSSD】Read 5,000MB/s Write 4,500MB/s 3D NAND M.2 2280 PCIe4.0×4 NVMe1.4 UD9Nシリーズ SJ04KGBP44UD9N05J5",79980,0,https://www.amazon.co.jp/dp/B0CL6FQC7H,4096,4.0,M.2,NVMe,,drive_internal_nvme,nvme/m.2 hints
B0B25M8FXX,Crucial P3 Plus 4TB PCIe Gen4 3D NAND NVMe M.2 SSD 最大4800MB/秒 - CT4000P3PSSD8,69520,0,https://www.amazon.co.jp/dp/B0B25M8FXX,4096,4.0,M.2,NVMe,Crucial,drive_internal_nvme,nvme/m.2 hints
B0DJ1QC42R,"キングストンテクノロジー Kingston SSD NV3 4TB PCIe Gen 4.0 x4 最大6,000MB/秒 M.2 2280 NVMe 正規代理店保証品 5年保証 SNV3S/4000G",91278,0,https://www.amazon.co.jp/dp/B0DJ1QC42R,4096,4.0,M.2,NVMe,Kingston,drive_internal_nvme,nvme/m.2 hints
B0C14QXKJW,WD Blue SA510 SSD SATA 6Gb/s 4TB 2.5inch,79880,0,https://www.amazon.co.jp/dp/B0C14QXKJW,4096,4.0,2.5inch,SATA,Western Digital,drive_internal_sata,sata/2.5 hints
B0CJ2N9485,"シリコンパワー 4TB US75 NVMe PCIe Gen4 M.2 2280 SSD R/W 最大7000/6,500MB/秒 Playstation 5 対応 SP04KGBP44US7505",75980,0,https://www.amazon.co.jp/dp/B0CJ2N9485,4096,4.0,M.2,NVMe,,drive_internal_nvme,nvme/m.2 hints
B0C1BHV2Y2,SP Silicon Power シリコンパワー SSD 4TB 3D NAND採用 SATA3 6Gb/s 2.5インチ 7mm PS4 動作確認済 3年保証 A55シリーズ SP004TBSS3A55S25,56980,0,https://www.amazon.co.jp/dp/B0C1BHV2Y2,4096,4.0,2.5inch,SATA,Silicon Power,drive_internal_sata,sata/2.5 hints
B0F334SXSC,Crucial(クルーシャル) X10 外付け SSD 4TB USB3.2/Type-C iPhone15シリーズ動作確認済 最大読込速度2100MB/秒 正規代理店保証品 Mylioモデル CT4000X10SSD9-02,78980,0,https://www.amazon.co.jp/dp/B0F334SXSC,4096,4.0,Portable,USB,Crucial,drive_external,external hints
B0CK898LV7,"Samsung T9 4TB 外付けSSD USB3.2 Gen2×2 最大2,000MB/秒 iPhone15動作確認済み MU-PG4T0B-IT/EC 国内正規保証品",,0,https://www.amazon.co.jp/dp/B0CK898LV7,4096,4.0,Portable,USB,Samsung,drive_external,external hints
B0BZMLXNLS,【 サンディスク 正規品 】 SanDisk サンディスク 内蔵 SSD Ultra 3D 4TB 2.5インチ SATA (読み出し最大 560MB/s 書込み最大 520MB/s) PC メーカー保証5年 SDSSDH3-4T00-G26,79000,0,https://www.amazon.co.jp/dp/B0BZMLXNLS,4096,4.0,2.5inch,SATA,SanDisk,drive_internal_sata,sata/2.5 hints
B0FNR8BHCQ,SSD 4TB 2.5インチ 7mm SATAIII 6Gb/s 内蔵SSD 最大読込500MB/s 最大書込470MB/s 3D NAND SATA SSD メーカー保証3年 ES580E,45980,0,https://www.amazon.co.jp/dp/B0FNR8BHCQ,4096,4.0,2.5inch,SATA,,drive_internal_sata,sata/2.5 hints
B0G346WH6Z,SSMG-UWC4 MagSafe対応 USB 20Gbps USB 3.2 Gen2x2 ポータブルSSD 4TB,79800,0,https://www.amazon.co.jp/dp/B0G346WH6Z,4096,4.0,Portable,USB,,drive_external,external hints
B0CK73G235,Crucial X9 USB 3.2 Gen 2 Type-C ポータブル外付けSSD - 4TB。,69800,0,https://www.amazon.co.jp/dp/B0CK73G235,4096,4.0,Portable,USB,Crucial,drive_external,external hints
