asin,title,price_yen,sponsored,url,capacity_gb,capacity_tb,form,iface,brand_guess,category,reason
B0DRBHFCR8,KingSpec SSD 512GB SATAIII 6Gb/s 2.5インチ内蔵SSD 最大読込：570MB/s (R：570MB/s、W：540MB/s) 3D NAND SATA SSD メーカー保証3年,11880,1,https://www.amazon.co.jp/dp/B0DRBHFCR8,512,,2.5inch,SATA,,drive_internal_sata,sata/2.5 hints
B0CX91BJWG,FX815 SSD 512GB 2.5インチ（7mm）SATA3.0対応 最大読込560MB/s ノートPC/PS4/車載ナビ用 データ移行サポート付 メーカー5年保証,10880,1,https://www.amazon.co.jp/dp/B0CX91BJWG,512,,2.5inch,SATA,,drive_internal_sata,sata/2.5 hints
B0B56WMQ87,【高速】MMOMENT MP34 512GB NVMe M.2 SSD PCIe Gen3x4 DRAMキャッシュ搭載 (読込最大3500MB/s、書込最大1900MB/s),12999,1,https://www.amazon.co.jp/dp/B0B56WMQ87,512,,M.2,NVMe,,drive_internal_nvme,nvme/m.2 hints
B079JW4ZB8,SP Silicon Power シリコンパワー SSD 512GB 3D NAND採用 SATA3 6Gb/s 2.5インチ 7mm PS4動作確認済 3年保証 A55シリーズ SP512GBSS3A55S25,11480,0,https://www.amazon.co.jp/dp/B079JW4ZB8,512,,2.5inch,SATA,Silicon Power,drive_internal_sata,sata/2.5 hints
B0BKPFWZDR,Vansuny 内蔵SSD 512GB SATA III SSD 2.5 インチ内蔵ソリッド ステート ドライブ 高度な 3D NAND フラッシュ 最大 550MB/秒の PC ラップトップ用ハード ドライブ,8699,0,https://www.amazon.co.jp/dp/B0BKPFWZDR,512,,2.5inch,SATA,,drive_internal_sata,sata/2.5 hints
B0812Y562C,シリコンパワー SSD 512GB 3D NAND M.2 2280 PCIe3.0×4 NVMe1.3 P34A60シリーズ 5年保証 SP512GBP34A60M28,14280,1,https://www.amazon.co.jp/dp/B0812Y562C,512,,M.2,NVMe,,drive_internal_nvme,nvme/m.2 hints
B0FDG4VWCT,KingSpec OneBoom SSD 512GB 2.5インチ SATA3 内蔵SSD 最大読込550MB/s、最大書込520MB/s 3D NAND SATA SSD メーカー保証3年,14580,1,https://www.amazon.co.jp/dp/B0FDG4VWCT,512,,2.5inch,SATA,,drive_internal_sata,sata/2.5 hints
B0DHZW96TZ,MMOMENT MX34 512GB M.2 2230 PCIe Gen3x4 NVMe 内蔵SSD (読込最大3600MB/s),13999,1,https://www.amazon.co.jp/dp/B0DHZW96TZ,512,,M.2,NVMe,,drive_internal_nvme,nvme/m.2 hints
B0CHVBH29B,LinkMore XG550 512GB 2.5インチ 内蔵SSD SATAIII 6Gb/s (読込最大540MB/s),10999,1,https://www.amazon.co.jp/dp/B0CHVBH29B,512,,2.5inch,SATA,,drive_internal_sata,sata/2.5 hints
B0G4Q39V4T,シリコンパワー SSD 512GB 3D NAND採用 SATA3 6Gb/s 2.5インチ 7mm PS4動作確認済 3年保証 A55シリーズ,11480,0,https://www.amazon.co.jp/dp/B0G4Q39V4T,512,,2.5inch,SATA,,drive_internal_sata,sata/2.5 hints
B07LG1PJMH,シリコンパワー512GB SSD 3D NAND A58 SLCキャッシュパフォーマンスブーストSATA III 2.5インチ内蔵SSD 7mm 512GBSS3A58A25,11480,0,https://www.amazon.co.jp/dp/B07LG1PJMH,512,,2.5inch,SATA,,drive_internal_sata,sata/2.5 hints
B0FB96V5DN,LinkMore 512GB ポータブルSSD USB-A/Type-C 両対応 360度回転式 USB3.2 Gen1 SSD外付け【読込最大530MB/s】,10999,1,https://www.amazon.co.jp/dp/B0FB96V5DN,512,,Portable,USB,,drive_external,external hints
B0FNMWXYBZ,SSD 512gb SATAIII 6Gb/s 2.5インチ内蔵 最大読み込み550MB/s 3D NAND SATA SSD 日本ブランド 国内5年保証 icore storage,11480,1,https://www.amazon.co.jp/dp/B0FNMWXYBZ,512,,2.5inch,SATA,,drive_internal_sata,sata/2.5 hints
B082BJ4679,Patriot Memory P300 512GB M.2 SSD 2280 NVMe PCIe Gen 3x4 内蔵型SSD P300P512GM28,11799,1,https://www.amazon.co.jp/dp/B082BJ4679,512,,M.2,NVMe,Patriot,drive_internal_nvme,nvme/m.2 hints
B08B3H18T1,キオクシア KIOXIA 内蔵 SSD 480GB 2.5インチ 7mm SATA 国産BiCS FLASH TLC 搭載 3年保証 EXCERIA SSD-CK480S/N 【国内正規代理店品】,11880,0,https://www.amazon.co.jp/dp/B08B3H18T1,480,,2.5inch,SATA,KIOXIA,drive_internal_sata,sata/2.5 hints
B0G38TJZ8Y,SP Silicon Power シリコンパワー SSD 512GB 3D NAND M.2 2280 PCIe3.0×4 NVMe1.3 P34A60シリーズ 5年保証,13980,0,https://www.amazon.co.jp/dp/B0G38TJZ8Y,512,,M.2,NVMe,Silicon Power,drive_internal_nvme,nvme/m.2 hints
B07N3PVDB6,Silicon Power 内蔵SSD 2.5インチ 7mm厚 SATA3 A55シリーズ 512GB SPJ512GBSS3A55B,10820,0,https://www.amazon.co.jp/dp/B07N3PVDB6,512,,2.5inch,SATA,Silicon Power,drive_internal_sata,sata/2.5 hints
B0DBVGVVRL,Biwin NV3500 512GB SSD NVMe M.2 Type 2280 PCIe Gen3×4 最大読込：3500MB/s (R:3500MB/s、W:3000MB/s) 内蔵SSD 高耐久 片面実装タイプ メーカー5年保証,12480,0,https://www.amazon.co.jp/dp/B0DBVGVVRL,512,,M.2,NVMe,,drive_internal_nvme,nvme/m.2 hints
B0BVB36TJ3,Hanye 512GB 内蔵型SSD 2.5インチ 7mm 3D NAND採用 SATAIII 6Gb/s 550MB/s 正規代理店品,11980,0,https://www.amazon.co.jp/dp/B0BVB36TJ3,512,,2.5inch,SATA,,drive_internal_sata,sata/2.5 hints
B08VRTR1RX,Apacer アペイサー 内蔵 SSD 512GB 2.5インチ 7mm sata 3 6Gb/s (読込560MB/sまで 書込540MB/sまで) 3D NAND採用 メーカー保証 3年 国内正規代理店品 AS350X AP512GAS350XR-1,10340,0,https://www.amazon.co.jp/dp/B08VRTR1RX,512,,2.5inch,SATA,,drive_internal_sata,sata/2.5 hints
B0FL7F7BDK,IODATA 外付け SSD 超小型 512GB SlimSSD コンパクト 極小 ポータブル USB Type-C 編集 撮影 vlog スマホ 容量 Time Machine【iPhone/iPad/Android/Windows/Mac/Chrome】日本メーカー SSPJ-UTC512/E,12800,0,https://www.amazon.co.jp/dp/B0FL7F7BDK,512,,Portable,USB,IODATA,drive_external,external hints
B07WGVBJ96,Netac SSD 512GB SATA3.0 6Gb/s 最大560MB/s 3D TLC NAND採用 2.5インチ 金属 N530S 内蔵型 ssd PC PS4適用 静音 低消費電力 耐振動 耐衝撃性 N530S（シルバー）,11980,0,https://www.amazon.co.jp/dp/B07WGVBJ96,512,,2.5inch,SATA,,drive_internal_sata,sata/2.5 hints
B0DRCNKR17,KingSpec XG7000 512GB SSD M.2 NVMe 2280 PCIe Gen 4.0 x 4 最大読込: 7400MB/s (R:7400MB/s、W:6600MB/s) SSD内蔵 3D NAND メーカー3年保証,13980,0,https://www.amazon.co.jp/dp/B0DRCNKR17,512,,M.2,NVMe,,drive_internal_nvme,nvme/m.2 hints
B0BH3W7L89,TEAMGROUP (旧称 Team) 内蔵 SSD 512GB SATA3 2.5インチ 7mm厚 CX2シリーズ 日本国内3年正規保証 T253X6512G0C101,11880,0,https://www.amazon.co.jp/dp/B0BH3W7L89,512,,2.5inch,SATA,Team,drive_internal_sata,sata/2.5 hints
B0GH73DN96,【整備済み品】Samsung SSD PM981a MZVLB512HBJQ 512GB NVMe M.2 2280 PCIe Gen3x4 読込最大3500MB/s 書込最大2900MB/s 内蔵SSD（970 EVO Plus OEM/バルク）,11980,0,https://www.amazon.co.jp/dp/B0GH73DN96,512,,M.2,NVMe,Samsung,drive_internal_nvme,nvme/m.2 hints
B08CK7T9FG,TEAMGROUP (旧称 Team) AX2 SATA SSD 512GB 6Gb/s 読み込み最大530MB/s 書き込み最大470MB/s内蔵 2.5インチ 7mm厚 日本国内3年正規保証 T253A3512G0C101,11480,0,https://www.amazon.co.jp/dp/B08CK7T9FG,512,,2.5inch,SATA,Team,drive_internal_sata,sata/2.5 hints
B0D4YQXZHZ,Hanye 内蔵型 SSD 512GB PCIe Gen3x4 M.2 NVMe 2280 3100MB/s 3D NAND E26 国内正規品 メーカー3年保証,11980,0,https://www.amazon.co.jp/dp/B0D4YQXZHZ,512,,M.2,NVMe,,drive_internal_nvme,nvme/m.2 hints
B0BPH1RK46,WINTEN 内蔵 SSD 512GB ｍSATA 3D NAND SATA3 6Gb/s (最大読取 530MB/s 最大書込 500MB/s) 5年保証 WTMSATA-SSD-512GB 【国内正規代理店品】,8790,0,https://www.amazon.co.jp/dp/B0BPH1RK46,512,,,SATA,,drive_internal_sata,sata/2.5 hints
B0BBM31P9F,Hanye 512GB 内蔵型SSD 2.5インチ 7mm SATAIII 6Gb/s 550MB/s 3D NAND採用 アルミ製筐体 正規代理店品 国内3年保証,11980,0,https://www.amazon.co.jp/dp/B0BBM31P9F,512,,2.5inch,SATA,,drive_internal_sata,sata/2.5 hints
B08KVYSRRZ,TEAMGROUP (旧称 Team) M.2 SSD 512GB PCIe Gen3x4 MP33シリーズ 日本国内5年正規保証 TM8FP6512G0C101,13880,0,https://www.amazon.co.jp/dp/B08KVYSRRZ,512,,M.2,NVMe,Team,drive_internal_nvme,nvme/m.2 hints
B0G38V7JRL,シリコンパワー SSD M.2 512GB 2280 SATA III 3D TLC NAND採用 6Gbps 3年保証,12480,0,https://www.amazon.co.jp/dp/B0G38V7JRL,512,,M.2,NVMe,,drive_internal_nvme,nvme/m.2 hints
B0CZLJYWLN,ORICO Y20 512GB 内蔵型SSD 2.5インチ 7mm 3D NAND採用 SATAIII 6Gb/s 最大読込：500MB/s (R:500MB/s、W:450MB/s) PS4動作確認済み 内蔵SSD 高耐久 メーカー 3年保証,10480,0,https://www.amazon.co.jp/dp/B0CZLJYWLN,512,,2.5inch,SATA,,drive_internal_sata,sata/2.5 hints
B0DRCKG5X4,KingSpec 512GB SSD M.2 NVMe 2280 PCIe Gen 4.0 x 4 最大読込：4800MB/秒 最大書込：4500MB/秒 内蔵SSD 3D NAND メーカー3年保証,13580,0,https://www.amazon.co.jp/dp/B0DRCKG5X4,512,,M.2,NVMe,,drive_internal_nvme,nvme/m.2 hints
B0CKVKBQDJ,【 サンディスク 正規品 】 SanDisk 外付け SSD 512GB スライド式 日本限定モデルUSB3.2Gen1 メタル筐体 Slim ポータブル SSD SDSSDE20-512G-GH25 3年メーカー保証,16667,0,https://www.amazon.co.jp/dp/B0CKVKBQDJ,512,,Portable,USB,SanDisk,drive_external,external hints
B0DJFCYCTY,Verbatim バーベイタム 外付け SSD 512GB USB3.2 Gen1 USB-C/A両対応 最大550MB/s ポータブル スティックタイプ 国内代理店IO Dataサポート Dual QuickStick 32042-J,7980,0,https://www.amazon.co.jp/dp/B0DJFCYCTY,512,,Portable,USB,IODATA,drive_external,external hints
B0FJM1K8FK,AGI 512GB 外付けSSD USB 3.2 Gen 2 Type-A/Type-C 両対応 最大読み取り速度550MB/s PS5/PS4/iOS/Android/iPad/Win/Mac対応（メーカー動作確認済） テレビ録画 ポータブル SSD 小型 軽量 携帯便利 ブラック ブラックメタル筐体 ED138 Pro,6112,0,https://www.amazon.co.jp/dp/B0FJM1K8FK,512,,Portable,USB,,drive_external,external hints
B0FJM9XKTN,アドテック M.2 512GB 3D TLC NVMe PCIe Gen3x4(2280) 3年保証 AD-SSDM2PG3-512G,8796,0,https://www.amazon.co.jp/dp/B0FJM9XKTN,512,,M.2,NVMe,,drive_internal_nvme,nvme/m.2 hints
B09X6RXVKB,Hanye SSD 512GB 3D NAND 高耐久TLC 採用 内蔵型 2.5インチ SATAIII 6Gb/s アルミ製筐体 W400-512GB 国内正規代理店品 メーカー3年保証,11880,0,https://www.amazon.co.jp/dp/B09X6RXVKB,512,,2.5inch,SATA,,drive_internal_sata,sata/2.5 hints
B0FNR756TK,SSD 512GB 2.5インチ 7mm SATAIII 6Gb/s 内蔵SSD 最大読込560MB/s 最大書込490MB/s 3D NAND SATA SSD メーカー保証3年 ES580E,11980,0,https://www.amazon.co.jp/dp/B0FNR756TK,512,,2.5inch,SATA,,drive_internal_sata,sata/2.5 hints
B07997QV4Z,シリコン電源512GB SSD 3D NAND A55 SLCキャッシュパフォーマンスブーストSATA III 2.5インチ7mm（0.28インチ）内蔵ソリッドステートドライブ（SP512GBSS3A55S25）,20610,0,https://www.amazon.co.jp/dp/B07997QV4Z,512,,2.5inch,SATA,,drive_internal_sata,sata/2.5 hints
B0D7CJBVT9,ORICO J10 SSD 512GB NVMe1.4 M.2 Type 2280 PCIe Gen3×4 最大読込：2800MB/s (R:2800MB/s、W:1300MB/s) 内蔵SSD 高耐久 3D NAND メーカー 5年保証,11980,0,https://www.amazon.co.jp/dp/B0D7CJBVT9,512,,M.2,NVMe,,drive_internal_nvme,nvme/m.2 hints
B099MLM2WN,WINTEN SSD M.2 SATA 512GB 2280 3D NAND SATA3 6Gb/s（最大読取 530MB/s 最大書込 500MB/s）エラー訂正機能 省電力 衝撃に強い 内蔵型【5年保証】WTM2-SSD-512GB,12390,1,https://www.amazon.co.jp/dp/B099MLM2WN,512,,M.2,NVMe,,drive_internal_nvme,nvme/m.2 hints
