asin,title,price_yen,sponsored,url,capacity_gb,capacity_tb,form,iface,brand_guess,category,reason
B0BY18RBMW,【台湾製】MMOMENT MS16 256GB 2.5インチ SSD SATA3 6Gb/s (読込最大550MB/s),7399,1,https://www.amazon.co.jp/dp/B0BY18RBMW,256,,2.5inch,SATA,,drive_internal_sata,sata/2.5 hints
B0CHVC6YYX,LinkMore XG550 256GB 2.5インチ 内蔵SSD SATAIII 6Gb/s (読込最大500MB/s),7399,1,https://www.amazon.co.jp/dp/B0CHVC6YYX,256,,2.5inch,SATA,,drive_internal_sata,sata/2.5 hints
B0DSVX6VCZ,Biwin M100 256GB SSD 2.5インチ SATA III 高速550MB/s 内蔵SSD 高耐久 低消費電力 耐衝撃 PS4対応 メーカー3年保証,5980,1,https://www.amazon.co.jp/dp/B0DSVX6VCZ,256,,2.5inch,SATA,,drive_internal_sata,sata/2.5 hints
B07WK3BT4C,Netac SSD 256GB SATA3.0 6Gb/s 最大510MB/s 3D TLC NAND採用 2.5インチ 金属 N530S 内蔵型 ssd PC PS4適用 静音 低消費電力 耐振動 耐衝撃性 N530S（シルバー）,6480,1,https://www.amazon.co.jp/dp/B07WK3BT4C,256,,2.5inch,SATA,,drive_internal_sata,sata/2.5 hints
B075R4T536,シリコンパワー SSD 256GB 3D NAND採用 SATA3 6Gb/s 2.5インチ 7mm PS4動作確認済 3年保証 A55シリーズ SP256GBSS3A55S25,6980,0,https://www.amazon.co.jp/dp/B075R4T536,256,,2.5inch,SATA,,drive_internal_sata,sata/2.5 hints
B0812XJY1G,シリコンパワー SSD 256GB 3D NAND M.2 2280 PCIe3.0×4 NVMe1.3 P34A60シリーズ 5年保証 SP256GBP34A60M28,7980,1,https://www.amazon.co.jp/dp/B0812XJY1G,256,,M.2,NVMe,,drive_internal_nvme,nvme/m.2 hints
B0B177ZDRB,TEAMGROUP (旧称 Team) 内蔵 SSD 256GB SATA3 2.5インチ 7mm厚 CX2シリーズ 日本国内3年正規保証 T253X6256G0C101,7280,1,https://www.amazon.co.jp/dp/B0B177ZDRB,256,,2.5inch,SATA,Team,drive_internal_sata,sata/2.5 hints
B0G38VBGWJ,シリコンパワー SSD 256GB 3D NAND採用 SATA3 6Gb/s 2.5インチ 7mm PS4動作確認済 3年保証 A55シリーズ,6980,0,https://www.amazon.co.jp/dp/B0G38VBGWJ,256,,2.5inch,SATA,,drive_internal_sata,sata/2.5 hints
B07JDWLBN7,Crucial クルーシャル SSD 240GB BX500 SATA3 内蔵2.5インチ 7mm CT240BX500SSD1【3年保証】 [並行輸入品],7950,0,https://www.amazon.co.jp/dp/B07JDWLBN7,240,,2.5inch,SATA,Crucial,drive_internal_sata,sata/2.5 hints
B0BV9ZQCP2,Hanye 256GB 内蔵型SSD 2.5インチ 7mm 3D NAND採用 SATAIII 6Gb/s 520MB/s 正規代理店品,6580,0,https://www.amazon.co.jp/dp/B0BV9ZQCP2,256,,2.5inch,SATA,,drive_internal_sata,sata/2.5 hints
B09KTG56FZ,Hanye SSD 256GB 3D NAND 高耐久TLC 採用 内蔵 2.5インチ SATAIII 6Gb/s 520MB/s アルミ製筐体 W400-256G 国内正規代理店品 メーカー3年保証,6980,1,https://www.amazon.co.jp/dp/B09KTG56FZ,256,,2.5inch,SATA,,drive_internal_sata,sata/2.5 hints
B0BKSBN33V,ES106 SSD 256GB 2.5インチ 7mm SATA3 6Gb/s 3D NAND TLC採用 内蔵型SSD エラー訂正機能 低消費電力 耐震 耐衝撃 3年保証 (256 GB),6180,0,https://www.amazon.co.jp/dp/B0BKSBN33V,256,,2.5inch,SATA,,drive_internal_sata,sata/2.5 hints
B0CX8P2N9S,FX815 SSD 256GB 2.5インチ（7mm）SATA3.0対応 最大読込550MB/s ノートPC/PS4/車載ナビ用 データ移行サポート付 メーカー5年保証,6080,0,https://www.amazon.co.jp/dp/B0CX8P2N9S,256,,2.5inch,SATA,,drive_internal_sata,sata/2.5 hints
B07ZR39KZL,JNH SSD 250GB 3D NAND SATA3 6Gbps 内蔵 2.5インチ 7mm 550MB/s アルミ製筐体,6280,0,https://www.amazon.co.jp/dp/B07ZR39KZL,250,,2.5inch,SATA,,drive_internal_sata,sata/2.5 hints
B0DTHLK3CV,【整備済み品】ジェネリック 256GB PM991a M.2 PCIe NVMe SSD 2280 Solid State 3100MB/秒 交換用 MZVLQ256 (ネオスミライ) (SSD:256GB),4790,0,https://www.amazon.co.jp/dp/B0DTHLK3CV,256,,M.2,NVMe,,drive_internal_nvme,nvme/m.2 hints
B081DN7891,ADATA SSD パフォーマンス 256GB ハイスピード USB フラッシュドライブ UE700 Pro 最大読込速度：360MB/秒 PS4 メーカー動作確認済 ブラック AUE700PRO256GSSDP,3500,0,https://www.amazon.co.jp/dp/B081DN7891,256,,,USB,ADATA,drive_external,external hints
B0BBM22BTT,Hanye 256GB 内蔵型SSD 2.5インチ 7mm SATAIII 6Gb/s 520MB/s 3D NAND採用 アルミ製筐体 正規代理店品 国内3年保証,6580,0,https://www.amazon.co.jp/dp/B0BBM22BTT,256,,2.5inch,SATA,,drive_internal_sata,sata/2.5 hints
B0BSDYV54B,エレコム SSD 外付け 250GB USB3.2(Gen2) 読込速度500MB/秒 アルミ筐体 スライド式 キャップレス 【PS5/PS4/テレビ録画 対応】 ブラック ESD-EMA0250GBK,7480,0,https://www.amazon.co.jp/dp/B0BSDYV54B,250,,Portable,USB,ELECOM,drive_external,external hints
B0F9L4BH7W,6.35cm SATA III SSD -256GB、リード550MB/s & ライト500MB/s、高速起動 & 低レイテンシ、ゲーム & 高性能コンピューティングに最適、ゲーミングSSD | 高速ストレージ | SATA Iii インターフェース,4851,0,https://www.amazon.co.jp/dp/B0F9L4BH7W,256,,,SATA,,drive_internal_sata,sata/2.5 hints
B0FNR6CGZN,SSD 256GB 2.5インチ 7mm SATAIII 6Gb/s 内蔵SSD 最大読込560MB/s 最大書込460MB/s 3D NAND SATA SSD メーカー保証3年 ES580E,6180,0,https://www.amazon.co.jp/dp/B0FNR6CGZN,256,,2.5inch,SATA,,drive_internal_sata,sata/2.5 hints
B0BKPB4V85,Vansuny 内蔵SSD 256GB SATA III SSD 2.5 インチ内蔵ソリッド ステート ドライブ 高度な 3D NAND フラッシュ 最大 550MB/秒の PC ラップトップ用ハード ドライブ,5999,0,https://www.amazon.co.jp/dp/B0BKPB4V85,256,,2.5inch,SATA,,drive_internal_sata,sata/2.5 hints
B0B9GFBGNT,JNH 内蔵型 SSD 256GB 3D NAND TLC採用 2.5インチ 7mm SATAIII 6Gb/s 540MB/s アルミ製筐体 国内正規品,6380,0,https://www.amazon.co.jp/dp/B0B9GFBGNT,256,,2.5inch,SATA,,drive_internal_sata,sata/2.5 hints
B087K9L3R5,Patriot Memory P210 256GB SATA3 内蔵型SSD 6Gb/s 2.5インチ 7mm P210S256G25,6449,0,https://www.amazon.co.jp/dp/B087K9L3R5,256,,2.5inch,SATA,Patriot,drive_internal_sata,sata/2.5 hints
B07BSLZMFV,シリコンパワー SSD M.2 2280 3D TLC NAND採用 256GB SATA III 6Gbps 3年保証 A55シリーズ SP256GBSS3A55M28,7480,0,https://www.amazon.co.jp/dp/B07BSLZMFV,256,,M.2,NVMe,,drive_internal_nvme,nvme/m.2 hints
B0D7CKM9K3,ORICO J10 SSD 256GB NVMe1.4 M.2 Type 2280 PCIe Gen3×4 最大読込：1800MB/s (R:1800MB/s、W:1300MB/s) 内蔵SSD 高耐久 3D NAND メーカー 5年保証,6680,0,https://www.amazon.co.jp/dp/B0D7CKM9K3,256,,M.2,NVMe,,drive_internal_nvme,nvme/m.2 hints
B0G38SWW3L,SP Silicon Power シリコンパワー SSD 256GB 3D NAND M.2 2280 PCIe3.0×4 NVMe1.3 P34A60シリーズ 5年保証,7980,0,https://www.amazon.co.jp/dp/B0G38SWW3L,256,,M.2,NVMe,Silicon Power,drive_internal_nvme,nvme/m.2 hints
B09TMZ1MF8,Western Digital (ウエスタンデジタル) 240GB WD Green 内蔵SSD ソリッドステートドライブ - SATA III 6Gb/秒 2.5インチ/7mm 最大545MB/秒 - WDS240G3G0A,7500,0,https://www.amazon.co.jp/dp/B09TMZ1MF8,240,,2.5inch,SATA,Western Digital,drive_internal_sata,sata/2.5 hints
B0F3N6ND7K,【整備済み品】Kioxia NVMe PCIe SSD 256GB M.2 2230 / 2280 両対応 エクステンション付 Gen3 x4 ソリッドステートドライブ KBG40ZNS256G,,0,https://www.amazon.co.jp/dp/B0F3N6ND7K,256,,M.2,NVMe,KIOXIA,drive_internal_nvme,nvme/m.2 hints
B0DRBHFV2S,KingSpec SSD 256GB SATAIII 6Gb/s 2.5インチ内蔵SSD 最大読込：570MB/s (R：570MB/s、W：540MB/s) 3D NAND SATA SSD メーカー保証3年,7680,0,https://www.amazon.co.jp/dp/B0DRBHFV2S,256,,2.5inch,SATA,,drive_internal_sata,sata/2.5 hints
B0G4Q28J37,シリコンパワー SSD M.2 256GB 2280 SATA III 3D TLC NAND採用 6Gbps 3年保証,7480,0,https://www.amazon.co.jp/dp/B0G4Q28J37,256,,M.2,NVMe,,drive_internal_nvme,nvme/m.2 hints
B0924R8N37,エイサー Acer RE100-25-256GB 3D NAND SATA 2.5インチSSD 金属筐体 最大読み取り速度560MB/s最大書き込み速度520MB/s五年保証 【国内正規代理店品】,6980,0,https://www.amazon.co.jp/dp/B0924R8N37,256,,2.5inch,SATA,,drive_internal_sata,sata/2.5 hints
B0BS9WKNXV,"Patriot P220 256GB Internal SSD - SATA 3 2.5"" - Solid State Drive - P220S256G25",6599,0,https://www.amazon.co.jp/dp/B0BS9WKNXV,256,,2.5inch,SATA,Patriot,drive_internal_sata,sata/2.5 hints
B08F42B8L5,SP Silicon Power シリコンパワー 内蔵SSD SATAIII 256GB,7985,0,https://www.amazon.co.jp/dp/B08F42B8L5,256,,,SATA,Silicon Power,drive_internal_sata,sata/2.5 hints
B0D7C89J57,ORICO Y20 256GB 内蔵型SSD 2.5インチ 7mm 3D NAND採用 SATAIII 6Gb/s 最大読込：500MB/s (R:500MB/s、W:450MB/s) PS4動作確認済み 内蔵SSD 高耐久 メーカー 3年保証,6480,0,https://www.amazon.co.jp/dp/B0D7C89J57,256,,2.5inch,SATA,,drive_internal_sata,sata/2.5 hints
B0B62PGPDC,Hanye 256GB 3D NAND 高耐久TLC採用 内蔵型 SSD 2.5インチ 7mm SATAIII 6Gb/s アルミ製筐体 国内正規代理店品,6580,0,https://www.amazon.co.jp/dp/B0B62PGPDC,256,,2.5inch,SATA,,drive_internal_sata,sata/2.5 hints
B099MM3JHP,WINTEN SSD M.2 SATA 256GB 2280 3D NAND SATA3 6Gb/s（最大読取 550MB/s 最大書込 450MB/s）エラー訂正機能 省電力 衝撃に強い 内蔵型【5年保証】WTM2-SSD-256GB,7280,0,https://www.amazon.co.jp/dp/B099MM3JHP,256,,M.2,NVMe,,drive_internal_nvme,nvme/m.2 hints
B099MNN9PM,WINTEN 内蔵 SSD 256GB NVMe M.2 2280 PCIe Gen 3.0×4 3D NAND (最大読取 3100MB/s 最大書込 1800MB/s) 5年保証 WTPCIe-SSD-256GB 【国内正規代理店品】,7820,0,https://www.amazon.co.jp/dp/B099MNN9PM,256,,M.2,NVMe,,drive_internal_nvme,nvme/m.2 hints
B0BJDVP9FZ,EN206 SSD 256GB M.2 2280 3D TLC NANDフラッシュ搭載 SATA III 6Gbps エラー訂正機能 低消費電力 耐衝撃 内蔵型SSD Ediloca3年保証 (256GB),6580,0,https://www.amazon.co.jp/dp/B0BJDVP9FZ,256,,M.2,NVMe,,drive_internal_nvme,nvme/m.2 hints
B091NQ9VWJ,SSD256GB SATA 2.5 インチ SSD256GB SAMSUNG PM871b 2.5 256GB 6.0Gbps SSD 7mm,,1,https://www.amazon.co.jp/dp/B091NQ9VWJ,256,,2.5inch,SATA,Samsung,drive_internal_sata,sata/2.5 hints
