asin,title,price_yen,sponsored,url,capacity_tb,form_factor_in,iface,brand_guess,category,reason,no_recommended_offer
B0DTSG1MT1,Seagate シーゲイト Exos SATA HDD 6Gb/s 7200RPM 3.5インチ NAS データセンター エンタープライズ 内蔵ハードディスク (整備済み品) (26TB),77800,0,https://www.amazon.co.jp/dp/B0DTSG1MT1,26.0,3.5,SATA,Seagate,drive_internal,internal HDD-like,0
B0DYQH1N48,Western Digital 26TB WD Red Pro NAS 内蔵ハードドライブ HDD - 7200 RPM、SATA 6 Gb/s、CMR、512MBキャッシュ、3.5インチ - WD260KFGX,109596,0,https://www.amazon.co.jp/dp/B0DYQH1N48,26.0,3.5,SATA,Western Digital,drive_internal,internal HDD-like,0
B0G2LDLSMQ,デスクトップ 3.5インチ 26TB 外付 ハードディスク HDD 静音 PC Win Mac 対応 STKP26000400 [並行輸入品],90050,1,https://www.amazon.co.jp/dp/B0G2LDLSMQ,26.0,3.5,,,drive_internal,internal HDD-like,0
B0DMBVGSZZ,WD261KRYZ [WD Gold（26TB 3.5インチ SATA 6G 7200rpm 512MB CMR Helium）],115000,0,https://www.amazon.co.jp/dp/B0DMBVGSZZ,26.0,3.5,SATA,Western Digital,drive_internal,internal HDD-like,0
B0F945613K,ウエスタンデジタル(Western Digital) WD デスクトップHDD 26TB USB 3.2 Gen 1 WD Elements Desktop 外付けハードディスク / WDBBKG0260HBK-JESN メーカー2年保証 国内正規代理店品,152800,0,https://www.amazon.co.jp/dp/B0F945613K,26.0,,USB,Western Digital,drive_external,external HDD-like,0
B0DZF47DTY,Western Digital 26TB WD Purple Pro Surveillance 内蔵ハードドライブ HDD - SATA 6 Gb/s 512 MB キャッシュ 3.5インチ - WD260PURP,103927,0,https://www.amazon.co.jp/dp/B0DZF47DTY,26.0,3.5,SATA,Western Digital,drive_internal,internal HDD-like,0
B0DX5N4BBY,【Amazon.co.jp限定】Western Digital ウエスタンデジタル WD Gold 内蔵 HDD ハードディスク 26TB 3.5インチ SATA 7200rpm キャッシュ512MB エンタープライズ メーカー保証5年 WD261KRYZ-AJP エコパッケージ【国内正規取扱代理店】,146160,1,https://www.amazon.co.jp/dp/B0DX5N4BBY,26.0,3.5,SATA,Western Digital,drive_internal,internal HDD-like,0
B0FKMYSTFP,【Amazon.co.jp限定】Western Digital ウエスタンデジタル Ultrastar DC HC670 26TB データセンター向け 内蔵HDD ハードディスク CMR 3.5インチ SATA 7200rpm OptiNAND 高耐久 5年保証 WUH722626ALE6L4-AJP エコパッケージ 【国内正規代理店】,146160,0,https://www.amazon.co.jp/dp/B0FKMYSTFP,26.0,3.5,SATA,Western Digital,drive_internal,internal HDD-like,0
B0FGY7N7W3,【Amazon.co.jp限定】Western Digital ウエスタンデジタル WD Purple Pro 監視用HDD ハードディスク 26TB CMR 3.5inch SATA 7200rpm キャッシュ512MB OptiNAND AllFrame AI 64台カメラ対応 5年保証 WD260PURP-AJP エコパッケージ 【国内正規代理店】,146160,0,https://www.amazon.co.jp/dp/B0FGY7N7W3,26.0,3.5,SATA,Western Digital,drive_internal,internal HDD-like,0
B0F3N3HWPG,サンディスクプロフェッショナル 外付けHDD 26TB G-DRIVE Mac向け タイムマシン対応 メーカー3年保証 SDPHF1A-026T-SBAAD/UE 国内正規代理店品,178000,0,https://www.amazon.co.jp/dp/B0F3N3HWPG,26.0,,,,drive_external,external HDD-like,0
B0F3NDKFPX,サンディスクプロフェッショナル 外付けHDD 26TB G-DRIVE PROJECT Mac向け Thunderbolt 3 & USB 3.2 Gen 2対応 Ultrastar搭載 SDPHG1H-026T-SBAAD/UE 国内正規代理店品,225000,0,https://www.amazon.co.jp/dp/B0F3NDKFPX,26.0,,USB,Western Digital,drive_external,external HDD-like,0
B0DYQDZ57J,SanDisk Professional 26TB G-Drive エンタープライズクラス外付けデスクトップハードドライブ - 7200RPM Ultrastar HDD 内蔵、USB-C (10Gbps)、USB 3.2 Gen 2、Mac対応 - SDPHF1A-026T-NBAAD。,158460,0,https://www.amazon.co.jp/dp/B0DYQDZ57J,26.0,,USB,Western Digital,drive_internal,internal HDD-like,0
B0DYQN227W,Western Digital 26TB Elements デスクトップ外付けハードドライブ USB 3.0 外付けハードドライブ プラグアンドプレイストレージ用 - WDBWLG0260HBK-NESN,132596,0,https://www.amazon.co.jp/dp/B0DYQN227W,26.0,,USB,Western Digital,drive_external,external HDD-like,0
B0DYR74F8P,WD 26TB My Book デスクトップ外付けハードドライブ USB 3.0 外付けHDD パスワード保護と自動バックアップソフトウェア付き - WDBBGB0260HBK-NESN,126672,0,https://www.amazon.co.jp/dp/B0DYR74F8P,26.0,,USB,Western Digital,drive_external,external HDD-like,0
