asin,title,price_yen,sponsored,url,capacity_tb,form_factor_in,iface,brand_guess,category,reason,no_recommended_offer
B0BW2LVCN7,ウエスタンデジタル(Western Digital) WD デスクトップHDD 22TB USB3.0 WD Elements Desktop 外付けハードディスク / WDBBKG0220HBK-JESN メーカー2年保証 国内正規代理店品,118000,1,https://www.amazon.co.jp/dp/B0BW2LVCN7,22.0,,USB,Western Digital,drive_external,external HDD-like,0
B0C1N1G4WM,ウエスタンデジタル(Western Digital) WD デスクトップHDD 22TB USB3.0 暗号化 パスワード保護 バックアップ My Book 外付けハードディスク / WDBBGB0220HBK-JEEX/E メーカー3年保証,128000,1,https://www.amazon.co.jp/dp/B0C1N1G4WM,22.0,,USB,Western Digital,drive_external,external HDD-like,0
B0DW8ZW47C,Seagate Expansion 22TB 外付けハードドライブ HDD - USB 3.0、Rescueデータ復旧サービス付き(STKP22000400)。,65849,0,https://www.amazon.co.jp/dp/B0DW8ZW47C,22.0,,USB,Seagate,drive_external,external HDD-like,0
B0B5W1CQ8W,"Western Digital (ウエスタンデジタル) 22TB WD Red Pro NAS 内蔵型 ハードドライブ HDD - 7,200RPM SATA 6Gb/秒 CMR 512MBキャッシュ 3.5インチ - WD221KFGX",100110,0,https://www.amazon.co.jp/dp/B0B5W1CQ8W,22.0,3.5,SATA,Western Digital,drive_internal,internal HDD-like,0
B0CN5LBWRD,Toshiba 22TB エンタープライズ内蔵ハードドライブ – MGシリーズ 3.5インチ SATA HDD サーバー ストレージ 24時間365日稼働 ハイパースケール クラウド用 (MG10AFA22TE),119980,0,https://www.amazon.co.jp/dp/B0CN5LBWRD,22.0,3.5,SATA,Toshiba,drive_internal,internal HDD-like,0
B0DRJM7LFN,【Amazon.co.jp限定】Western Digital ウエスタンデジタル WD Red Pro 内蔵 HDD ハードディスク 22TB CMR 3.5inch SATA 7200rpm キャッシュ512MB NAS WD221KFGX-AJP エコパッケージ 【国内正規代理店】,111280,0,https://www.amazon.co.jp/dp/B0DRJM7LFN,22.0,3.5,SATA,Western Digital,drive_internal,internal HDD-like,0
B0B5W2ZM58,Western Digital 22TB WD Gold Enterprise Class SATA 内蔵ハードドライブ HDD - 7200 RPM、SATA 6 Gb/s、512 MBキャッシュ、3.5インチ - WD221KRYZ,98367,0,https://www.amazon.co.jp/dp/B0B5W2ZM58,22.0,3.5,SATA,Western Digital,drive_internal,internal HDD-like,0
B0BGFSR7F2,Western Digital WD Ultrastar HC570 WUH722222ALE6L4 22TB 7200RPM 3.5インチ デスクトップ HDD 0F48155,112938,0,https://www.amazon.co.jp/dp/B0BGFSR7F2,22.0,3.5,,Western Digital,drive_internal,internal HDD-like,0
B0B5VYRJ6Q,Western Digital 22TB WD Purple Pro Surveillance 内蔵ハードドライブ HDD - SATA 6 Gb/s 512 MB キャッシュ 3.5インチ - WD221PURP,85579,0,https://www.amazon.co.jp/dp/B0B5VYRJ6Q,22.0,3.5,SATA,Western Digital,drive_internal,internal HDD-like,0
B0CHXWDXSB,"MDD MAXDIGITALDATA MDD (MDD22TSATA25672E) 22TB 7,200RPM 256MB キャッシュ SATA 6.0Gb/s 3.5インチ 内蔵エンタープライズハードドライブ - 5年保証 (更新済み)、MDD22TS25672E",63486,0,https://www.amazon.co.jp/dp/B0CHXWDXSB,22.0,3.5,SATA,,drive_internal,internal HDD-like,0
B0G46RBY93,"HDD Exos X22 22TB SATA 6Gb/s 7200RPM 3.5"" Enterprise Hard Drive (ST22000NM001E)",92000,0,https://www.amazon.co.jp/dp/B0G46RBY93,22.0,,SATA,Seagate,drive_internal,internal HDD-like,0
B0CNSXCFJ3,Western Digital WD Ultrastar DC HC580 HDD 22TB SATA接続 0F62785 WUH722422ALE6L4,110591,0,https://www.amazon.co.jp/dp/B0CNSXCFJ3,22.0,,,Western Digital,drive_internal,internal HDD-like,0
B0FGY6FR47,【Amazon.co.jp限定】Western Digital ウエスタンデジタル WD Purple Pro 監視用HDD ハードディスク 22TB CMR 3.5inch SATA 7200rpm キャッシュ512MB OptiNAND AllFrame AI 64台カメラ対応 5年保証 WD221PURP-AJP エコパッケージ 【国内正規代理店】,112600,0,https://www.amazon.co.jp/dp/B0FGY6FR47,22.0,3.5,SATA,Western Digital,drive_internal,internal HDD-like,0
B0BTFTYK5W,WD 22TB My Book デスクトップ 外付けハードドライブ USB 3.0 外付けHDD パスワード保護とバックアップソフトウェア付き - WDBBGB0220HBK-NESN,96707,0,https://www.amazon.co.jp/dp/B0BTFTYK5W,22.0,,USB,Western Digital,drive_external,external HDD-like,0
B0C3B2MVLJ,Seagate EXOS X22 22TB SATA 3.5インチ 7200RPM 6GB/S 512E/4K。,96785,0,https://www.amazon.co.jp/dp/B0C3B2MVLJ,22.0,3.5,SATA,Seagate,drive_internal,internal HDD-like,0
B0BB8TMWV7,SanDisk Professional 22TB G-Drive エンタープライズクラス外付けデスクトップハードドライブ - 7200RPM Ultrastar HDD 内蔵、USB-C (10Gbps)、USB 3.2 Gen 2、Mac対応 - SDPHF1A-022T-NBAAD、ダークグレー,108908,0,https://www.amazon.co.jp/dp/B0BB8TMWV7,22.0,,USB,Western Digital,drive_internal,internal HDD-like,0
B0BWSYJZ29,HGST Ultrastar DC HC570 0F48052 22 TB ハードドライブ - 3.5インチ 内蔵型 - SAS (12Gb/s SAS) - 7200rpm - 512e/4Kn フォーマット - 5年保証,120036,0,https://www.amazon.co.jp/dp/B0BWSYJZ29,22.0,3.5,SAS,Western Digital,drive_internal,internal HDD-like,0
B0CHXSFR9G,MDD (MDD22TS25672NAS) 22TB 7200RPM 256MB キャッシュ SATA 6.0Gb/s 3.5インチ 内蔵NASハードドライブ,76127,0,https://www.amazon.co.jp/dp/B0CHXSFR9G,22.0,3.5,SATA,,drive_internal,internal HDD-like,0
