asin,title,price_yen,sponsored,url,capacity_tb,form_factor_in,iface,brand_guess,category,reason,no_recommended_offer
B0F6BFB12R,【Amazon.co.jp限定】Western Digital ウエスタンデジタル WD Blue 内蔵 HDD ハードディスク 12TB CMR 3.5インチ SATA 7200rpm キャッシュ512MB メーカー保証2年 WD120EAGZ-AJP エコパッケージ【国内正規取扱代理店】,57530,1,https://www.amazon.co.jp/dp/B0F6BFB12R,12.0,3.5,SATA,Western Digital,drive_internal,internal HDD-like,0
B093BSR3H4,Seagate Expansion デスクトップ 3.5インチ 【データ復旧 3年付】12TB 外付 ハードディスク HDD 3年保証 静音 PC Win Mac 対応 STKP12000400,63131,1,https://www.amazon.co.jp/dp/B093BSR3H4,12.0,3.5,,Seagate,drive_internal,internal HDD-like,0
B0F6B9V54S,【Amazon.co.jp 限定】Western Digital ウエスタンデジタル WD Red Plus 内蔵 HDD 12TB CMR 3.5インチ SATA 5400rpm キャッシュ64MB NAS メーカー保証3年 WD120EFAX-AJP エコパッケージ 【国内正規取扱代理店】,58370,0,https://www.amazon.co.jp/dp/B0F6B9V54S,12.0,3.5,SATA,Western Digital,drive_internal,internal HDD-like,0
B0F4R6SNJG,WD120EFGX [WD Red Plus（12TB 3.5インチ SATA 6G 7200rpm 512MB CMR）],53998,1,https://www.amazon.co.jp/dp/B0F4R6SNJG,12.0,3.5,SATA,Western Digital,drive_internal,internal HDD-like,0
B0FX911LPF,【Amazon.co.jp限定】Seagate 内蔵 HDD ハードディスク 12TB NAS向け 24時間365日 3年保証 データ復旧3年付 CMR Ironwolf 国内正規代理店品 エコパッケージ ST12000VN0008/EC,58980,0,https://www.amazon.co.jp/dp/B0FX911LPF,12.0,,,Seagate,drive_internal,internal HDD-like,0
B0BCVNP2D7,MDD 12TB 7200RPM SATA 6Gb/s 256MB キャッシュ 3.5インチ 内蔵デスクトップハードドライブ、MD12TBGSA25672。,44674,0,https://www.amazon.co.jp/dp/B0BCVNP2D7,12.0,3.5,SATA,,drive_internal,internal HDD-like,0
B0DJCNQ3HK,"東芝 N300シリーズ 3.5"" NAS HDD 12TB(CMR) フィールドレイク取扱品 3年保証 国内サポート・故障時の同時交換対応 N300A12 - HDWG51CUZSVA 7,200rpm SATA 24x7 RVセンサー搭載 ヘリウム充填HDD",55380,0,https://www.amazon.co.jp/dp/B0DJCNQ3HK,12.0,,SATA,Toshiba,drive_internal,internal HDD-like,0
B0F7NB1XS8,WD100EAGZ [WD Blue（12TB 3.5インチ SATA 6G 7200rpm 512MB）],44780,0,https://www.amazon.co.jp/dp/B0F7NB1XS8,12.0,3.5,SATA,Western Digital,drive_internal,internal HDD-like,0
B0C6C8CFC6,MDD 12TB 7200 RPM 256MB キャッシュ SATA 6.0Gb/s 3.5インチ 内蔵ハードドライブ 監視ストレージ用 (MD12TBGSA25672DVR),50214,0,https://www.amazon.co.jp/dp/B0C6C8CFC6,12.0,3.5,SATA,,drive_internal,internal HDD-like,0
B0BGSCSVVR,Seagate 内蔵 HDD ハードディスク 12TB NAS向け 24時間365日 5年保証 データ復旧3年付 CMR IronwolfPro 国内正規代理店品 ST12000NT001,62600,0,https://www.amazon.co.jp/dp/B0BGSCSVVR,12.0,,,Seagate,drive_internal,internal HDD-like,0
B0DSPM9XR8,【Amazon.co.jp限定】Western Digital ウエスタンデジタル WD Gold 内蔵 HDD ハードディスク 12TB 3.5インチ SATA 7200rpm キャッシュ512MB エンタープライズ メーカー保証5年 WD122KRYZ-AJP エコパッケージ【国内正規取扱代理店】,64960,0,https://www.amazon.co.jp/dp/B0DSPM9XR8,12.0,3.5,SATA,Western Digital,drive_internal,internal HDD-like,0
B0BGYV6B9V,MDD 12TB 7200 RPM 256MB キャッシュ SATA 6.0Gb/s 3.5インチ 内蔵ハードドライブ 監視ストレージ用 (MD12TBGSA25672DVR),52380,0,https://www.amazon.co.jp/dp/B0BGYV6B9V,12.0,3.5,SATA,,drive_internal,internal HDD-like,0
B0C6C9X2QX,MDD (MDD12TSATA25672DVR) 12TB 7200RPM 256MB キャッシュ SATA 6.0Gb/s 3.5インチ 内蔵監視ハードドライブ,46626,0,https://www.amazon.co.jp/dp/B0C6C9X2QX,12.0,3.5,SATA,,drive_internal,internal HDD-like,0
B08755984P,東芝 3.5インチ HDD 12TB NAS PC 向け 内蔵型 CMR 24時間稼働 RVセンサー 搭載 【国内正規代理店品】 3年保証 MN07ACA12T-3YW,,0,https://www.amazon.co.jp/dp/B08755984P,12.0,3.5,,Toshiba,drive_internal,internal HDD-like,0
B0F5MDWMGP,Seagate シーゲイト 12TB ST12000NM001G Exos SATA HDD 6Gb/s 7200RPM 3.5インチ NAS データセンター エンタープライズ 内蔵ハードディスク (整備済み品),,0,https://www.amazon.co.jp/dp/B0F5MDWMGP,12.0,3.5,SATA,Seagate,drive_internal,internal HDD-like,0
B075L6FJH8,Western Digital HDD 12TB WD Gold エンタープライズ 3.5インチ 内蔵HDD WD121KRYZ,65998,0,https://www.amazon.co.jp/dp/B075L6FJH8,12.0,3.5,,Western Digital,drive_internal,internal HDD-like,0
B0966V6YJB,Western Digital (ウエスタンデジタル) 12TB WD Purple Pro 監視内蔵HDD - SATA 6Gb/s 256MBキャッシュ 3.5インチ - WD121PURP,60159,0,https://www.amazon.co.jp/dp/B0966V6YJB,12.0,3.5,SATA,Western Digital,drive_internal,internal HDD-like,0
B0DF9VNT3X,Western Digital 12TB WD Red Pro NAS 内蔵ハードドライブ HDD - 7200 RPM、SATA 6 Gb/s、CMR、512MBキャッシュ、3.5インチ - WD122KFBX,63219,0,https://www.amazon.co.jp/dp/B0DF9VNT3X,12.0,3.5,SATA,Western Digital,drive_internal,internal HDD-like,0
B08GRYX162,HGST WD Ultrastar DC HC520 12TB HDD 7200 RPM SATA 6Gb/s 256MB キャッシュ 3.5インチ エンタープライズハードドライブ | パワーディセーブル | HUH7212ALE604 0F29592,54864,0,https://www.amazon.co.jp/dp/B08GRYX162,12.0,3.5,SATA,Western Digital,drive_internal,internal HDD-like,0
B0CKSRDRF2,【Amazon.co.jp限定】Western Digital ウエスタンデジタル WD Red Plus 内蔵 HDD ハードディスク 12TB CMR 3.5inch SATA 7200rpm キャッシュ256MB NAS WD120EFBX-AJP エコパッケージ 【国内正規代理店】,,0,https://www.amazon.co.jp/dp/B0CKSRDRF2,12.0,3.5,SATA,Western Digital,drive_internal,internal HDD-like,0
B07RTMPWD8,"Western Digital (ウエスタンデジタル) 12TB WD Red Pro NAS 内蔵型 ハードドライブ HDD - 7,200RPM SATA 6Gb/秒 CMR 256MBキャッシュ 3.5インチ - WD121KFBX",69446,0,https://www.amazon.co.jp/dp/B07RTMPWD8,12.0,3.5,SATA,Western Digital,drive_internal,internal HDD-like,0
B0D7TQPTTL,Seagate Skyhawk AI 12TB ビデオ内蔵ハードドライブ HDD - 3.5インチ SATA 6Gb/s 256MB キャッシュ DVR NVR セキュリティカメラシステム用 社内レスキューサービス付き - フラストレーションフリーパッケージ (ST12000VE003),60061,0,https://www.amazon.co.jp/dp/B0D7TQPTTL,12.0,3.5,SATA,Seagate,drive_internal,internal HDD-like,0
