asin,title,price_yen,sponsored,url,capacity_tb,form_factor_in,iface,brand_guess,category,reason,no_recommended_offer
B0FY2N485X,【Amazon.co.jp限定】Western Digital ウエスタンデジタル WD RedPlus 内蔵HDD ハードディスク 4TB CMR 3.5inch SATA キャッシュ128MB 5400rpm NAS対応 WD40EFZZ-AJP エコパッケージ 【国内正規代理店品】,22210,1,https://www.amazon.co.jp/dp/B0FY2N485X,4.0,3.5,SATA,Western Digital,drive_internal,internal HDD-like,0
B0DW43NN35,【Amazon.co.jp限定】Seagate SkyHawk 3.5インチ 【データ復旧 3年付】 4TB 内蔵 ハードディスク HDD CMR 3年保証 6Gb/s 256MB 5400rpm ネットワーク 監視 カメラ ビデオレコーダー ST4000VX016/EC,19980,1,https://www.amazon.co.jp/dp/B0DW43NN35,4.0,3.5,,Seagate,drive_internal,internal HDD-like,0
B07GKHQ9M6,ウエスタンデジタル(Western Digital) WD ポータブルHDD 4TB USB Type-C ブルー My Passport Ultra 暗号化 パスワード保護 外付けハードディスク / メーカー3年保証 WDBFTM0040BBL-WESN 国内正規代理店品,28480,1,https://www.amazon.co.jp/dp/B07GKHQ9M6,4.0,,USB,Western Digital,drive_external,external HDD-like,0
B0GCCHWPVJ,エレコム 外付けハードディスク ポータブル HDD 4TB USB 5Gbps USB3.2(Gen1) 対応 テレビ録画 PC 静音 ELP-STV040UBK,28800,1,https://www.amazon.co.jp/dp/B0GCCHWPVJ,4.0,,USB,ELECOM,drive_external,external HDD-like,0
B07BK6696F,【Amazon.co.jp限定】バッファロー 外付けハードディスク 4TB テレビ録画/PC/PS4/4K対応 バッファロー製nasne™対応 静音&コンパクト 日本製 故障予測 みまもり合図 HD-AD4U3,17980,0,https://www.amazon.co.jp/dp/B07BK6696F,4.0,,,BUFFALO,drive_external,external HDD-like,0
B073ZGQZM1,"【Amazon.co.jp限定】Seagate 3.5インチ 内蔵 HDD ハードディスク4TB 2年保証 5,400rpm BarraCuda 国内正規代理店品 ST4000DM004",18480,0,https://www.amazon.co.jp/dp/B073ZGQZM1,4.0,3.5,,Seagate,drive_internal,internal HDD-like,0
B0BN84QHS1,外付けHDD 4TB ELD-HTV040UBK,15400,1,https://www.amazon.co.jp/dp/B0BN84QHS1,4.0,,,,drive_external,external HDD-like,0
B01IAQ7DOQ,Logitec 外付けHDD 外付けハードディスク USB3.1 Gen1（USB3.0） 4TB ホワイト LHD-ENA040U3WSH,20480,1,https://www.amazon.co.jp/dp/B01IAQ7DOQ,4.0,,USB,,drive_external,external HDD-like,0
B0C4Y61CKV,エレコム 外付けハードディスク HDD 4TB テレビ録画 PC ファンレス設計 静音 縦置き/横置き ブラック ELD-STV040UBK,17980,1,https://www.amazon.co.jp/dp/B0C4Y61CKV,4.0,,,ELECOM,drive_external,external HDD-like,0
B0F4WNHLJK,Seagate シーゲイト 4TB ST4000LM024 Barracuda 内蔵 HDD ハードディスク 2.5インチ SATA PC 外付けHDD 15mm厚 国内正規代理店品 180日保証 (整備済み品),18620,0,https://www.amazon.co.jp/dp/B0F4WNHLJK,4.0,2.5,SATA,Seagate,drive_internal,internal HDD-like,0
B09GS2QKSR,Seagate シーゲイト 4TB ST4000DM004 Barracuda 内蔵 HDD ハードディスク 3.5インチ デスクトップ PC SATA 正規代理店品 180日保証【整備済み品】,16300,0,https://www.amazon.co.jp/dp/B09GS2QKSR,4.0,3.5,SATA,Seagate,drive_internal,internal HDD-like,0
B09FJTYT4N,バッファロー HD-EDS4U3-BE パソコン&テレビ録画用 外付けHDD 4TB,17700,0,https://www.amazon.co.jp/dp/B09FJTYT4N,4.0,,,BUFFALO,drive_external,external HDD-like,0
B08ZJFH7Y1,Seagate Expansion ポータブル 2.5インチ 【データ復旧 3年付】4TB 外付 ハードディスク HDD 3年保証 静音 PC Win Mac PS4 PS5 4K 対応 STKM4000400,22280,1,https://www.amazon.co.jp/dp/B08ZJFH7Y1,4.0,2.5,,Seagate,drive_internal,internal HDD-like,0
B07JCPZ54Y,バッファロー HD-NRLD4.0U3-BA 4TB 外付けハードディスクドライブ スタンダードモデル ブラック,18480,0,https://www.amazon.co.jp/dp/B07JCPZ54Y,4.0,,,BUFFALO,drive_external,external HDD-like,0
B07XJGZ8YZ,バッファロー 東芝 USB3.0接続 ポータブルハードディスク 4.0TBTOSHIBA CANVIO（HD-TPAシリーズ） HD-TPA4U3-B,23998,0,https://www.amazon.co.jp/dp/B07XJGZ8YZ,4.0,,USB,Toshiba,drive_external,external HDD-like,0
B0FNR787VY,IODATA 外付けHDD 4TB カクうすLite テレビ録画 PC 両対応 4K録画 USBバスパワー(USB 5Gbps/3.2 Gen1 対応)データ保存 バックアップ 静音 コンパクト ポータブル 日本メーカー HDPH-UTV4DK/E,23780,0,https://www.amazon.co.jp/dp/B0FNR787VY,4.0,,USB,IODATA,drive_external,external HDD-like,0
B01789QMUW,LaCie ラシー ポータブルHDD ハードディスク 4TB Rugged Mini USB3.0 Mac/iPad/Windows対応 [ 耐落下性 耐衝撃性 耐雨性 ] 外付けHDD 国内正規代理店品 2年保証 LAC9000633,33800,0,https://www.amazon.co.jp/dp/B01789QMUW,4.0,,USB,,drive_external,external HDD-like,0
B0FKB7XQS8,外付けHDD ハードディスク 4TB テレビ録画 4K対応 Windows Mac PS5 PS4 USB3.2 (Gen1) / USB3.0 EOP35100BK-4T,15480,0,https://www.amazon.co.jp/dp/B0FKB7XQS8,4.0,,USB,,drive_external,external HDD-like,0
B0FQ5GPHQD,Seagate シーゲイト 4TB ST4000VN006 IronWolf 3.5インチ NAS 内蔵 ハードディスク HDD 24時間稼働 PC 正規代理店品 180日保証 （整備済み品）,22000,0,https://www.amazon.co.jp/dp/B0FQ5GPHQD,4.0,3.5,,Seagate,drive_internal,internal HDD-like,0
B09NVDKPLC,エレコム ポータブルHDD ハードディスク 4TB PC/テレビ録画用 USB3.2(Gen1) ブラック ELP-PTV040UBK,20480,0,https://www.amazon.co.jp/dp/B09NVDKPLC,4.0,,USB,ELECOM,drive_external,external HDD-like,0
B0CKLCK9SW,【Amazon.co.jp限定】Western Digital ウエスタンデジタル WD Blue 内蔵 HDD ハードディスク 4TB CMR 3.5インチ SATA 5400rpm キャッシュ256MB WD40EZAX-AJP エコパッケージ 【国内正規取扱代理店】,,0,https://www.amazon.co.jp/dp/B0CKLCK9SW,4.0,3.5,SATA,Western Digital,drive_internal,internal HDD-like,0
B0BV2JQV7N,Western Digital ウエスタンデジタル WD Blue 内蔵 HDD ハードディスク 4TB CMR 3.5インチ SATA 5400rpm キャッシュ256MB PC WD40EZAX-EC,25230,0,https://www.amazon.co.jp/dp/B0BV2JQV7N,4.0,3.5,SATA,Western Digital,drive_internal,internal HDD-like,0
B07K88GQPY,BUFFALO USB3.1(Gen.1)対応 みまもり合図 for AV対応 外付けHDD 4TB ブラック HD-LDS4.0U3-BA,,0,https://www.amazon.co.jp/dp/B07K88GQPY,4.0,,USB,BUFFALO,drive_external,external HDD-like,0
B013HNYV8I,ウエスタンデジタル 【バルク品】3.5インチ 内蔵ハードディスク 4.0TBウエスタンデジタル WD ブルー WD40EZRZRT,24999,0,https://www.amazon.co.jp/dp/B013HNYV8I,4.0,3.5,,Western Digital,drive_internal,internal HDD-like,0
B0GKP29M7S,外付けHDD 4TB,12960,0,https://www.amazon.co.jp/dp/B0GKP29M7S,4.0,,,,drive_external,external HDD-like,0
B082X3639H,I-O DATA 【Amazon.co.jp限定】アイ・オー・データ IODATA外付けHDD 4TB テレビ録画 静音&コンパクト 4K録画/Win/Mac 地デジ最大502時間録画可能 日本製 EX-HDAZ-UTL4K,18800,0,https://www.amazon.co.jp/dp/B082X3639H,4.0,,,IODATA,drive_external,external HDD-like,0
B071KVB4F8,Western Digital HDD 4TB WD Purple 監視システム 3.5インチ 内蔵HDD WD40PURZ,27472,0,https://www.amazon.co.jp/dp/B071KVB4F8,4.0,3.5,,Western Digital,drive_internal,internal HDD-like,0
B00IMPO5OW,WD HDD 内蔵ハードディスク 3.5インチ 4TB WD Purple 監視カメラ用 WD40PURX IntelliPower 3年保証,24165,0,https://www.amazon.co.jp/dp/B00IMPO5OW,4.0,3.5,,Western Digital,drive_internal,internal HDD-like,0
B0FHP7S1HX,【Amazon.co.jp限定】 Seagate 外付け ハードディスク 4TB CMR HDD 【 テレビ録画 / 4K / Windows/mac / PS5 / PS4 / バッファロー製nasne 対応 】 静音 コンパクト Seagate Basic HD-SGDA4U3-B/NA,18480,0,https://www.amazon.co.jp/dp/B0FHP7S1HX,4.0,,,Seagate,drive_external,external HDD-like,0
B089H24C6M,"Seagate IronWolf Pro 3.5"" 4TB HDD(CMR) 128MB 7200rpm 24時間稼動 PC NAS 用 RVセンサー ST4000NE001 (整備済み品)",22000,0,https://www.amazon.co.jp/dp/B089H24C6M,4.0,,,Seagate,drive_internal,internal HDD-like,0
B0CKSSJSZ4,【Amazon.co.jp 限定】Western Digital ウエスタンデジタル WD Red Plus 内蔵 HDD 4TB CMR 3.5インチ SATA 5400rpm キャッシュ64MB NAS メーカー保証3年 WD40EFAX-AJP エコパッケージ 【国内正規取扱代理店】,,0,https://www.amazon.co.jp/dp/B0CKSSJSZ4,4.0,3.5,SATA,Western Digital,drive_internal,internal HDD-like,0
B0C5WXYQHY,【Amazon.co.jp限定】バッファロー 外付けハードディスク 4TB テレビ録画 USB3.2(Gen1)対応 外付けHDD HDV-LLDC4U3BA/N,17480,0,https://www.amazon.co.jp/dp/B0C5WXYQHY,4.0,,USB,BUFFALO,drive_external,external HDD-like,0
B07GSRW3JH,バッファロー BUFFALO NAS スマホ/タブレット/PC対応 ネットワークHDD 4TB LS210D0401G 【エントリーモデル】,27980,0,https://www.amazon.co.jp/dp/B07GSRW3JH,4.0,,,BUFFALO,drive_internal,internal HDD-like,0
B08DL965T2,Seagate ST4000DM000 P/N: 1F2168-501 F/W: CC54 SU S30 デスクトップ HDD 4TB (リニューアル品),14200,0,https://www.amazon.co.jp/dp/B08DL965T2,4.0,,,Seagate,drive_internal,internal HDD-like,0
B07SJXHS8P,東芝(TOSHIBA) Canvio 4TB USB3.2(Gen1)対応 ポータブルHDD PC/TV対応 バッファローサポート 国内メーカー 故障予測 外付け Mac ブラック HD-TPA4U3-B/N,28680,0,https://www.amazon.co.jp/dp/B07SJXHS8P,4.0,,USB,Toshiba,drive_external,external HDD-like,0
B08C4P4CMT,東芝 内蔵HDD 3.5インチ 4TB TV録画モデル DT02ABA400V-2YW 【国内正規代理店品】 2年保証,,0,https://www.amazon.co.jp/dp/B08C4P4CMT,4.0,3.5,,Toshiba,drive_internal,internal HDD-like,0
