asin,title,price_yen,sponsored,url,capacity_tb,form_factor_in,iface,brand_guess,category,reason,no_recommended_offer
B0DVBS3HND,Seagate BarraCuda 3.5インチ 20TB 内蔵 ハードディスク HDD PC 2年保証 6Gb/s 512MB 7200rpm 正規代理店品 ST20000DM001/EC,58980,1,https://www.amazon.co.jp/dp/B0DVBS3HND,20.0,3.5,,Seagate,drive_internal,internal HDD-like,0
B0D8KRQWQQ,【Amazon.co.jp限定】Seagate 内蔵 HDD ハードディスク 20TB NAS向け 24時間365日 5年保証 データ復旧3年付 CMR IronwolfPro 国内正規代理店品 ST20000NT001/EC,109980,1,https://www.amazon.co.jp/dp/B0D8KRQWQQ,20.0,,,Seagate,drive_internal,internal HDD-like,0
B0B5GQP47Y,ウエスタンデジタル WD デスクトップHDD 20TB USB3.0 WD Elements Desktop 外付けハードディスク / WDBBKG0200HBK-JESN メーカー2年保証 国内正規代理店品,99800,1,https://www.amazon.co.jp/dp/B0B5GQP47Y,20.0,,USB,Western Digital,drive_external,external HDD-like,0
B0FTLT5SCQ,【Amazon.co.jp限定】 バッファロー 外付け ハードディスク 20TB CMR HDD 大容量 パソコン専用 【 Windows/mac/ChromeOS 対応 】バックアップ 静音 コンパクト 日本製 故障予測 みまもり合図 HD-AD20U3,89800,0,https://www.amazon.co.jp/dp/B0FTLT5SCQ,20.0,,,BUFFALO,drive_external,external HDD-like,0
B09VCXWPQG,WD 20TB Elements デスクトップ外付けハードドライブ、プラグアンドプレイストレージ用のUSB 3.0ドライブ - WDBWLG0200HBK-NESN。,72681,0,https://www.amazon.co.jp/dp/B09VCXWPQG,20.0,,,Western Digital,drive_external,external HDD-like,0
B0DF9FK544,Western Digital 20TB WD Gold Enterprise Class SATA 内蔵ハードドライブ HDD - 7200 RPM、SATA 6 Gb/s、512 MBキャッシュ、3.5インチ - WD203KRYZ,86506,0,https://www.amazon.co.jp/dp/B0DF9FK544,20.0,3.5,SATA,Western Digital,drive_internal,internal HDD-like,0
B0FK8NKQZ8,IODATA 大容量 20TB ポータブル HDD CMRドライブ 採用 USB 5Gbps パソコン データ保存 win10 win11 データ移行 データ抹消 アプリ 情報漏洩 防止 情シス バックアップ 横置き 縦置き両対応 日本メーカー HDCX-UT20P/E,99800,0,https://www.amazon.co.jp/dp/B0FK8NKQZ8,20.0,,USB,IODATA,drive_external,external HDD-like,0
B0B2PZWD81,Seagate Expansion デスクトップ 3.5インチ 【データ復旧 3年付】20TB 外付 ハードディスク HDD 3年保証 静音 PC Win Mac 対応 STKP20000400,97316,0,https://www.amazon.co.jp/dp/B0B2PZWD81,20.0,3.5,,Seagate,drive_internal,internal HDD-like,0
B0C8S114GM,Seagate シーゲイト 20TB ST20000NM002C Exos SATA HDD 6Gb/s 7200RPM 3.5インチ NAS データセンター エンタープライズ 内蔵ハードディスク (整備済み品),64200,0,https://www.amazon.co.jp/dp/B0C8S114GM,20.0,3.5,SATA,Seagate,drive_internal,internal HDD-like,0
B0DYQH22PW,Western Digital 20TB WD Red Pro NAS 内蔵ハードドライブ HDD - 7200 RPM、SATA 6 Gb/s、CMR、512MBキャッシュ、3.5インチ - WD202KFGX,83497,0,https://www.amazon.co.jp/dp/B0DYQH22PW,20.0,3.5,SATA,Western Digital,drive_internal,internal HDD-like,0
B0FRRZDJH1,Seagate Expansion デスクトップ 3.5インチ 20TB 外付 ハードディスク HDD 静音 PC Win Mac 対応 STKP20000400 [並行輸入品],69800,0,https://www.amazon.co.jp/dp/B0FRRZDJH1,20.0,3.5,,Seagate,drive_internal,internal HDD-like,0
B0F24JCKNJ,【Amazon.co.jp限定】Western Digital ウエスタンデジタル WD Gold 内蔵 HDD ハードディスク 20TB 3.5インチ SATA 7200rpm キャッシュ512MB エンタープライズ メーカー保証5年 WD203KRYZ-AJP エコパッケージ【国内正規取扱代理店】,94200,0,https://www.amazon.co.jp/dp/B0F24JCKNJ,20.0,3.5,SATA,Western Digital,drive_internal,internal HDD-like,0
B0C6BV78XR,MDD (MDD20TSATA25672E) 20TB 7200RPM 256MB キャッシュ SATA 6.0Gb/s 3.5インチ 内蔵エンタープライズハードドライブ,69872,0,https://www.amazon.co.jp/dp/B0C6BV78XR,20.0,3.5,SATA,,drive_internal,internal HDD-like,0
B0BSFJH99T,TOSHIBA 東芝 MG10 内蔵ハードディスク サーバー NAS 用 3.5インチ Enterprise HDD 20TB SATA 7200rpm 3年保証 MG10ACA20TE,109800,0,https://www.amazon.co.jp/dp/B0BSFJH99T,20.0,3.5,SATA,Toshiba,drive_internal,internal HDD-like,0
B0BYTVJT4Y,MDD (MDD20TSATA25672DVR) 20TB 7200RPM 256MB キャッシュ SATA 6.0Gb/s 3.5インチ 内部監視ハードドライブ - 3年保証 (リニューアル),77504,0,https://www.amazon.co.jp/dp/B0BYTVJT4Y,20.0,3.5,SATA,,drive_internal,internal HDD-like,0
B0C22S6YFR,Avolusion PRO-Zシリーズ 20TB USB 3.0 外付けハードドライブ WindowsOSデスクトップPC/ノートパソコン用 (ホワイト),75376,0,https://www.amazon.co.jp/dp/B0C22S6YFR,20.0,,USB,,drive_external,external HDD-like,0
B09TBF6GHJ,WD201KFGX [WD Red Pro（20TB 3.5インチ SATA 6G 7200rpm 512MB）],118027,0,https://www.amazon.co.jp/dp/B09TBF6GHJ,20.0,3.5,SATA,Western Digital,drive_internal,internal HDD-like,0
B09QQPMPNK,LaCie 外付けHDD ハードディスク 20TB d2 Professional USB-C Mac/iPad/Windows対応 [ 大容量 高容量 ] 5年保証STHA20000800,120120,0,https://www.amazon.co.jp/dp/B09QQPMPNK,20.0,,USB,,drive_external,external HDD-like,0
B0BFC3WJ9R,WD202KRYZ [WD Gold (20TB 3.5インチ SATA 6G 7200rpm 512MB)],103928,0,https://www.amazon.co.jp/dp/B0BFC3WJ9R,20.0,3.5,SATA,Western Digital,drive_internal,internal HDD-like,0
B0BGFT5WBP,WD Ultrastar HC560 WUH722020BLE6L4 20TB 7200RPM 3.5インチ SE SATA HDD 0F38785。,90265,0,https://www.amazon.co.jp/dp/B0BGFT5WBP,20.0,3.5,SATA,Western Digital,drive_internal,internal HDD-like,0
B0BC2GJ5QW,WP Expanse 20TB 7200 RPM 512e SATA Gen3 3.5インチ HDD | ECC PLP CMR | エンタープライズデータセンター SAN ハードディスクドライブ - WESA5SLC0200D (リニューアル品),64702,0,https://www.amazon.co.jp/dp/B0BC2GJ5QW,20.0,3.5,SATA,,drive_internal,internal HDD-like,0
B0BYTYLMZ1,MDD MAXDIGITALDATA (MD20TSATA25672NAS 20TB 7200RPM 256MB キャッシュ SATA 6.0Gb/s 3.5インチ 内蔵型NASハードドライブ - 5年保証 (リニューアル),72201,0,https://www.amazon.co.jp/dp/B0BYTYLMZ1,20.0,3.5,SATA,,drive_internal,internal HDD-like,0
