asin,title,price_yen,sponsored,url,capacity_tb,form_factor_in,iface,brand_guess,category,reason,no_recommended_offer
B07NHQX2XZ,ウエスタンデジタル WD デスクトップHDD 10TB USB3.0 WD Elements Desktop 外付けハードディスク / WDBBKG0100HBK-JESN メーカー2年保証 国内正規代理店品,52800,1,https://www.amazon.co.jp/dp/B07NHQX2XZ,10.0,,USB,Western Digital,drive_external,external HDD-like,0
B0FKB66L4Z,外付けHDD ハードディスク 10TB テレビ録画 4K対応 Windows Mac PS5 PS4 USB3.2 (Gen1) / USB3.0 EOP35100BK-10T,34980,1,https://www.amazon.co.jp/dp/B0FKB66L4Z,10.0,,USB,,drive_external,external HDD-like,0
B0F6BJYRN3,【Amazon.co.jp限定】Western Digital ウエスタンデジタル WD Blue 内蔵 HDD ハードディスク 10TB CMR 3.5インチ SATA 7200rpm キャッシュ512MB メーカー保証2年 WD100EAGZ-AJP エコパッケージ【国内正規取扱代理店】,50760,1,https://www.amazon.co.jp/dp/B0F6BJYRN3,10.0,3.5,SATA,Western Digital,drive_internal,internal HDD-like,0
B0BGSGNQYQ,Seagate 内蔵 HDD ハードディスク 10TB NAS向け 24時間365日 5年保証 データ復旧3年付 CMR IronwolfPro 国内正規代理店品 ST10000NT001,57980,1,https://www.amazon.co.jp/dp/B0BGSGNQYQ,10.0,,,Seagate,drive_internal,internal HDD-like,0
B0F4R3YCL6,WD100EFGX [WD Red Plus（10TB 3.5インチ SATA 6G 7200rpm 512MB CMR）],51500,0,https://www.amazon.co.jp/dp/B0F4R3YCL6,10.0,3.5,SATA,Western Digital,drive_internal,internal HDD-like,0
B07S66ZQZ6,"TOSHIBA 東芝 3.5"" 内蔵HDD 10TB 7,200rpm MN06ACA10T-0603-AS",88880,0,https://www.amazon.co.jp/dp/B07S66ZQZ6,10.0,,,Toshiba,drive_internal,internal HDD-like,0
B0DJCMNRLB,"東芝 N300シリーズ 3.5"" NAS HDD 10TB(CMR) フィールドレイク取扱品 3年保証 国内サポート・故障時の同時交換対応 N300A10 - HDWG71AUZSVA 7,200rpm SATA 24x7 RVセンサー搭載",47300,0,https://www.amazon.co.jp/dp/B0DJCMNRLB,10.0,,SATA,Toshiba,drive_internal,internal HDD-like,0
B07FDVLD2S,ラシー LaCie HDD 外付けハードディスク 10TB d2 Professional USBタイプC ブラック STHA10000800,71355,0,https://www.amazon.co.jp/dp/B07FDVLD2S,10.0,,,,drive_external,external HDD-like,0
B0BWKNZGL5,Hitachi WD HGST He10 (HUH721010ALE601) 10TB 7200RPM 128MB キャッシュ SATA 6.0Gb/s 3.5インチ エンタープライズハードドライブ,33900,0,https://www.amazon.co.jp/dp/B0BWKNZGL5,10.0,3.5,SATA,Western Digital,drive_internal,internal HDD-like,0
B0B9FXJTMR,MDD 10TB 7200 RPM 256MB キャッシュ SATA 6.0Gb/s 3.5インチ 監視ストレージ用内蔵ハードドライブ (MD10TGSA25672DVR),44601,0,https://www.amazon.co.jp/dp/B0B9FXJTMR,10.0,3.5,SATA,,drive_internal,internal HDD-like,0
B0DF9C92SW,Western Digital 10TB WD Red Pro NAS 内蔵ハードドライブ HDD - 7200 RPM、SATA 6 Gb/s、CMR、512MBキャッシュ、3.5インチ - WD103KFBX,57604,0,https://www.amazon.co.jp/dp/B0DF9C92SW,10.0,3.5,SATA,Western Digital,drive_internal,internal HDD-like,0
B0DSPKL59V,【Amazon.co.jp限定】Western Digital ウエスタンデジタル WD Gold 内蔵 HDD ハードディスク 10TB 3.5インチ SATA 7200rpm キャッシュ512MB エンタープライズ メーカー保証5年 WD103KRYZ-AJP エコパッケージ【国内正規取扱代理店】,65824,0,https://www.amazon.co.jp/dp/B0DSPKL59V,10.0,3.5,SATA,Western Digital,drive_internal,internal HDD-like,0
B077NDRQLW,Western Digital HDD 10TB WD Ultrastar データセンター 3.5インチ 内蔵HDD HUH721010ALE604,57994,0,https://www.amazon.co.jp/dp/B077NDRQLW,10.0,3.5,,Western Digital,drive_internal,internal HDD-like,0
B07XDD5MV8,Western Digital HDD 10TB WD Gold エンタープライズ 3.5インチ 内蔵HDD WD102KRYZ,50882,0,https://www.amazon.co.jp/dp/B07XDD5MV8,10.0,3.5,,Western Digital,drive_internal,internal HDD-like,0
B08P9NQ8RM,Western Digital (ウエスタンデジタル) HDDデスク ブラック 10TB 3.5 SATA 256MB,49800,0,https://www.amazon.co.jp/dp/B08P9NQ8RM,10.0,,SATA,Western Digital,drive_internal,internal HDD-like,0
B08TZPS4QQ,ウエスタンデジタル WD101EFBX ［WD Red Plus（10TB 3.5インチ SATA 6G 7200rpm 256MB CMR）］,56800,0,https://www.amazon.co.jp/dp/B08TZPS4QQ,10.0,3.5,SATA,Western Digital,drive_internal,internal HDD-like,0
B01M07WKSE,Seagate 内蔵ハードディスク 3.5インチ Enterprise Capacity v6 10TB ( SAS / ヘリウム / 5年保証 ) 正規代理店品 ST10000NM0096,64304,0,https://www.amazon.co.jp/dp/B01M07WKSE,10.0,3.5,SAS,Seagate,drive_internal,internal HDD-like,0
B0966TZJGJ,Western Digital 10TB WD Purple Pro Surveillance 内蔵ハードドライブ HDD - SATA 6 Gb/s 256 MB キャッシュ 3.5インチ - WD101PURP,54615,0,https://www.amazon.co.jp/dp/B0966TZJGJ,10.0,3.5,SATA,Western Digital,drive_internal,internal HDD-like,0
B07DYLFYQM,Western Digital HDD 10TB WD Purple 監視システム 3.5インチ 内蔵HDD WD101PURZ,54755,0,https://www.amazon.co.jp/dp/B07DYLFYQM,10.0,3.5,,Western Digital,drive_internal,internal HDD-like,0
B09GTCR3M4,MaxDigitalData (MD10000GSA12872) 10TB 7200RPM SATA 6Gb/s 256MB キャッシュ 3.5インチ 内蔵デスクトップハードドライブ,42792,0,https://www.amazon.co.jp/dp/B09GTCR3M4,10.0,3.5,SATA,,drive_internal,internal HDD-like,0
B088RT1MV8,東芝 3.5インチ HDD 10TB NAS PC 向け 内蔵型 CMR 24時間稼働 RVセンサー 搭載 【国内正規代理店品】 3年保証 MN06ACA10T-3YW,,0,https://www.amazon.co.jp/dp/B088RT1MV8,10.0,3.5,,Toshiba,drive_internal,internal HDD-like,0
B0F7MJV2X8,WD120EAGZ [WD Blue（10TB 3.5インチ SATA 6G 7200rpm 512MB）],56270,0,https://www.amazon.co.jp/dp/B0F7MJV2X8,10.0,3.5,SATA,Western Digital,drive_internal,internal HDD-like,0
B0CKSS81YB,【Amazon.co.jp限定】Western Digital ウエスタンデジタル WD Red Plus 内蔵 HDD ハードディスク 10TB CMR 3.5インチ SATA 7200rpm キャッシュ256MB NAS メーカー保証3年 WD101EFBX-AJP エコパッケージ 【国内正規取扱代理店】,,0,https://www.amazon.co.jp/dp/B0CKSS81YB,10.0,3.5,SATA,Western Digital,drive_internal,internal HDD-like,0
B01IWCMS5M,WD HDD 内蔵ハードディスク 3.5インチ 10TB WD Gold WD101KRYZ SATA3.0 7200rpm 256MB 5年保証 [並行輸入品],49763,1,https://www.amazon.co.jp/dp/B01IWCMS5M,10.0,3.5,,Western Digital,drive_internal,internal HDD-like,0
