asin,title,price_yen,sponsored,url,capacity_tb,form_factor_in,iface,brand_guess,category,reason,no_recommended_offer
B0F5PPNLVH,UnionSine 3.5インチ 外付けハードディスク 14TB USB3.0外付けhdd に対応 PC/Mac/テレビ録画/デスクトップ/ラップトップ適用 (ブラック）HD3513,43980,1,https://www.amazon.co.jp/dp/B0F5PPNLVH,14.0,3.5,USB,,drive_internal,internal HDD-like,0
B0DVL6SHH8,【整備済み品】ST Exos X14 14TB HDD 3.5インチ 7200RPM SATA 6Gb/s 256MB キャッシュ 監視システム対応 エンタープライズハードディスク 高耐久性 データセンター向け 2年保証(ST14000NM0018),40300,1,https://www.amazon.co.jp/dp/B0DVL6SHH8,14.0,3.5,SATA,Seagate,drive_internal,internal HDD-like,0
B082FV8JWC,ウエスタンデジタル(Western Digital) WD デスクトップHDD 14TB USB3.0 WD Elements Desktop 外付けハードディスク / WDBBKG0140HBK-JESN メーカー2年保証 国内正規代理店品,69800,1,https://www.amazon.co.jp/dp/B082FV8JWC,14.0,,USB,Western Digital,drive_external,external HDD-like,0
B0BWPK43SP,ウエスタンデジタル(Western Digital) WD デスクトップHDD 14TB USB3.0 暗号化 パスワード保護 バックアップ My Book 2021 外付けハードディスク / WDBBGB0140HBK-JEEX/E メーカー3年保証 国内正規代理店品,80000,1,https://www.amazon.co.jp/dp/B0BWPK43SP,14.0,,USB,Western Digital,drive_external,external HDD-like,0
B096KM8T2H,Seagate シーゲイト 14TB ST14000NM001G Exos SATA HDD 6Gb/s 7200RPM 3.5インチ NAS データセンター エンタープライズ 内蔵ハードディスク (整備済み品),47300,1,https://www.amazon.co.jp/dp/B096KM8T2H,14.0,3.5,SATA,Seagate,drive_internal,internal HDD-like,0
B0CD2XBZWR,Western Digital 14TB WD Red Pro NAS 内蔵ハードドライブ HDD - 7200 RPM、SATA 6 Gb/s、CMR、512MBキャッシュ、3.5インチ -WD142KFGX,60305,0,https://www.amazon.co.jp/dp/B0CD2XBZWR,14.0,3.5,SATA,Western Digital,drive_internal,internal HDD-like,0
B0FKB6C55C,外付けHDD ハードディスク 14TB テレビ録画 4K対応 Windows Mac PS5 PS4 USB3.2 (Gen1) / USB3.0 EOP35100BK-14T,42980,0,https://www.amazon.co.jp/dp/B0FKB6C55C,14.0,,USB,,drive_external,external HDD-like,0
B09GR9XSX9,"MaxDigitalData (MD14000GSA12872) 14TB 7,200RPM SATA 6Gb/s 256MB キャッシュ 3.5インチ 内蔵デスクトップハードドライブ",36496,0,https://www.amazon.co.jp/dp/B09GR9XSX9,14.0,3.5,SATA,,drive_internal,internal HDD-like,0
B07KPL474H,Western Digital HDD 14TB WD Ultrastar データセンター 3.5インチ 内蔵HDD HUH721212ALE604,49900,0,https://www.amazon.co.jp/dp/B07KPL474H,14.0,3.5,,Western Digital,drive_internal,internal HDD-like,0
B0FXFTMW22,"Seagate IronWolf Pro 14 TB NAS Internal Hard Drive 3.5-inch SATA 6 Gb/s 7,200 RPM, 256 MB Cache, for RAID Network Attached Storage, 3 years Rescue Services, ST14000NE0008",59000,0,https://www.amazon.co.jp/dp/B0FXFTMW22,14.0,,SATA,Seagate,drive_internal,internal HDD-like,0
B07YFGW736,"Western Digital (ウエスタンデジタル) 14TB WD Red Pro NAS 内蔵型 ハードドライブ HDD - 7,200RPM SATA 6Gb/秒 CMR 512MBキャッシュ 3.5インチ - WD141KFGX",78880,0,https://www.amazon.co.jp/dp/B07YFGW736,14.0,3.5,SATA,Western Digital,drive_internal,internal HDD-like,0
B0DSPPBX23,【Amazon.co.jp限定】Western Digital ウエスタンデジタル WD Gold 内蔵 HDD ハードディスク 14TB 3.5インチ SATA 7200rpm キャッシュ512MB エンタープライズ メーカー保証5年 WD142KRYZ-AJP エコパッケージ【国内正規取扱代理店】,71450,0,https://www.amazon.co.jp/dp/B0DSPPBX23,14.0,3.5,SATA,Western Digital,drive_internal,internal HDD-like,0
B07PRDNRS8,HDD(ハードディスクドライブ) WD WUH721414ALE6L4 3.5インチ 14TB SATA 6Gb/s 7.2K RPM 512M 0F31284 512e (He14),52764,0,https://www.amazon.co.jp/dp/B07PRDNRS8,14.0,3.5,SATA,Western Digital,drive_internal,internal HDD-like,0
B07H7CKYGT,"Seagate IronWolf Pro 3.5"" データ復旧3年付 14TB HDD(CMR) 5年保証24時間稼動 PC NAS 用 RVセンサ ST14000NE0008",73948,0,https://www.amazon.co.jp/dp/B07H7CKYGT,14.0,,,Seagate,drive_internal,internal HDD-like,0
B0BYTVCWM9,MDD (MDD14TSATA25672E) 14TB 7200 RPM 256MB キャッシュ SATA 6.0Gb/s 3.5インチ 内蔵エンタープライズハードドライブ,53254,0,https://www.amazon.co.jp/dp/B0BYTVCWM9,14.0,3.5,SATA,,drive_internal,internal HDD-like,0
B0BRJXNK2S,"Western Digital (ウエスタンデジタル) 14TB Ultrastar DC HC530 SATA HDD ハードディスクドライブ - 7,200RPMクラス SATA 6Gb/s 512MBキャッシュ 3.5インチ - WUH721414ALE604",57326,0,https://www.amazon.co.jp/dp/B0BRJXNK2S,14.0,3.5,SATA,Western Digital,drive_internal,internal HDD-like,0
B0BFZQ2FPG,HGST 0F31284 3.5インチ 14TB 7200RPM 512MB SATA 6Gb/s 512e SE Ultrastar DC HC530 (リニューアル),58200,0,https://www.amazon.co.jp/dp/B0BFZQ2FPG,14.0,3.5,SATA,Western Digital,drive_internal,internal HDD-like,0
B093BW8PBG,Seagate Expansion Desktop STKP14000400 14TB 外付けハードドライブ 3.5インチ USB 3.0 PC & ノートブック 2年間のレスキューサービス付き,66898,0,https://www.amazon.co.jp/dp/B093BW8PBG,14.0,3.5,USB,Seagate,drive_internal,internal HDD-like,0
B0C6CDSR9S,MDD (MD14TSATA25672NAS) 14TB 7200 RPM 256MB キャッシュ SATA 6.0Gb/s 3.5インチ 内蔵NASハードドライブ,52880,0,https://www.amazon.co.jp/dp/B0C6CDSR9S,14.0,3.5,SATA,,drive_internal,internal HDD-like,0
B0FDKMSKJV,14TB レトロゲーミングハードドライブ 98000以上のゲームがプリロード | 7つのゲームシステム用のプラグアンドプレイ | 9800+ 3D & 1000以上のハイエンドPCゲーム | USB 3.1 ポータブル外付けハードドライブ Windows PC 7/8/10/11用,65321,0,https://www.amazon.co.jp/dp/B0FDKMSKJV,14.0,,USB,,drive_external,external HDD-like,0
B0BYTWVS8K,MDD (MD14TSATA25672NAS) 14TB 7200 RPM 256MB キャッシュ SATA 6.0Gb/s 3.5インチ 内蔵NASハードドライブ,54970,0,https://www.amazon.co.jp/dp/B0BYTWVS8K,14.0,3.5,SATA,,drive_internal,internal HDD-like,0
B0DZ2BWGCW,"HDD Skyhawk AI Surveillance 14 TB Hard Drive 3.5-inch SATA 6 Gb/s 7,200 RPM, 256 MB Cache, 3 years Rescue Services, ST14000VE0008",59000,0,https://www.amazon.co.jp/dp/B0DZ2BWGCW,14.0,,SATA,Seagate,drive_internal,internal HDD-like,0
B07XC95Y28,Western Digital HDD 14TB WD Gold エンタープライズ 3.5インチ 内蔵HDD WD141KRYZ,70917,0,https://www.amazon.co.jp/dp/B07XC95Y28,14.0,3.5,,Western Digital,drive_internal,internal HDD-like,0
B08P4F3RMY,東芝 3.5インチ HDD 14TB PC サーバー ビジネス 向け 内蔵型 CMR 【国内正規代理店品】5年保証 MG07ACA14TE-5YW,93324,0,https://www.amazon.co.jp/dp/B08P4F3RMY,14.0,3.5,,Toshiba,drive_internal,internal HDD-like,0
B0DJCQKG77,"EC強化パッケージ版 東芝 3.5""エンタープライズグレード HDD 14TB(CMR) フィールドレイク取扱品 5年保証 国内サポート・故障時の同時交換対応 MG09ACA14TE /JP-EC 7,200rpm SATA 24x7 RVセンサー搭載 ヘリウム充填HDD",79990,0,https://www.amazon.co.jp/dp/B0DJCQKG77,14.0,,SATA,Toshiba,drive_internal,internal HDD-like,0
B0DPLXNXRL,東芝 MG09 内蔵ハードドライブ 3.5インチ シリアルATA III 14TB 7200 RPM。,70413,0,https://www.amazon.co.jp/dp/B0DPLXNXRL,14.0,3.5,,Toshiba,drive_internal,internal HDD-like,0
B086YNRT3R,"LaCie d2 Professional 14TB 外付けハードドライブ デスクトップHDD - Thunderbolt 3 USB-C USB 3.0 7,200RPM エンタープライズクラスドライブ MacおよびPCデスクトップ用 1か月間 Adobe CC (STHA14000800)",118567,0,https://www.amazon.co.jp/dp/B086YNRT3R,14.0,,USB,,drive_external,external HDD-like,0
