asin,title,price_yen,sponsored,url,capacity_tb,form_factor_in,iface,brand_guess,category,reason,no_recommended_offer
B0FQCCX3V9,【Amazon.co.jp限定】Seagate 内蔵 HDD ハードディスク 28TB NAS向け 24時間365日 5年保証 データ復旧3年付 CMR IronwolfPro 国内正規代理店品 ST28000NT000/EC,139980,1,https://www.amazon.co.jp/dp/B0FQCCX3V9,28.0,,,Seagate,drive_internal,internal HDD-like,0
B0BWPY32C9,"ウエスタンデジタル(Western Digital) WD デスクトップHDD 28TB USB3.2 Gen 1 暗号化 RAID 0,1 バックアップ My Book Duo 2021EX / WDBFBE0280JBK-JEEX/E メーカー3年保証 国内正規代理店品",158000,1,https://www.amazon.co.jp/dp/B0BWPY32C9,28.0,,USB,Western Digital,drive_external,external HDD-like,0
B004MF52RU,【整備済み品】 Exos X 28TB 内蔵ハードドライブ HDD - 3.5インチ CMR SATA 6Gb/s、7200RPM、512MBキャッシュ、 2.5M MTBF ST28000NM000C (整備済み品),89900,0,https://www.amazon.co.jp/dp/B004MF52RU,28.0,3.5,SATA,Seagate,drive_internal,internal HDD-like,0
B0DW92YSB6,Seagate Expansion 28TB 外付けハードドライブ HDD - USB 3.0、Rescueデータ復旧サービス付き(STKP28000400)。,101217,0,https://www.amazon.co.jp/dp/B0DW92YSB6,28.0,,USB,Seagate,drive_external,external HDD-like,0
B09BN4BX63,"WD デスクトップHDD 28TB USB3.1 Gen 1 暗号化 RAID 0,1 バックアップ My Book Duo 2021EX / WDBFBE0280JBK-JEEX 3年保証",156420,0,https://www.amazon.co.jp/dp/B09BN4BX63,28.0,,USB,Western Digital,drive_external,external HDD-like,0
B07YD3TT74,"WD 28TB My Book Duo Desktop RAID External Hard Drive HDD, USB 3.1 Gen-1 Ready, USB 3.0 Compatible - WDBFBE0280JBK-NESN",180154,0,https://www.amazon.co.jp/dp/B07YD3TT74,28.0,,USB,Western Digital,drive_external,external HDD-like,0
B0CK6FSQ6J,U32-28TB2G2 28TB HDD 2-Bay RAID 0 USB 3.2 Gen 2/eSATA 外付けハードドライブ,351489,0,https://www.amazon.co.jp/dp/B0CK6FSQ6J,28.0,,USB,,drive_internal,internal HDD-like,0
B086WR12QS,"LaCie 2big RAID 28TB 外付けハードドライブ デスクトップ HDD - USB-C 7,200RPM エンタープライズクラスドライブ MacおよびPCデスクトップ用 Rescueサービス (STHJ28000800)",286607,1,https://www.amazon.co.jp/dp/B086WR12QS,28.0,,USB,,drive_external,external HDD-like,0
