asin,title,price_yen,sponsored,url,capacity_tb,form_factor_in,iface,brand_guess,category,reason,no_recommended_offer
B0D8KQBP3N,【Amazon.co.jp限定】Seagate 内蔵 HDD ハードディスク 16TB NAS向け 24時間365日 5年保証 データ復旧3年付 CMR IronwolfPro 国内正規代理店品 ST16000NT001/EC,79980,1,https://www.amazon.co.jp/dp/B0D8KQBP3N,16.0,,,Seagate,drive_internal,internal HDD-like,0
B08P6TT8HQ,ウエスタンデジタル(Western Digital) WD デスクトップHDD 16TB USB3.0 WD Elements Desktop 外付けハードディスク / WDBBKG0160HBK-JESN メーカー2年保証 国内正規代理店品,75800,1,https://www.amazon.co.jp/dp/B08P6TT8HQ,16.0,,USB,Western Digital,drive_external,external HDD-like,0
B0CLL596MV,"サンディスクプロフェッショナル 外付けHDD 16TB G-RAID MIRROR RAID 0,1 Mac向け Thunderbolt 3対応 Ultrastar搭載 SDPHH2H-016T-SBAAD/E 国内正規代理店品",149800,1,https://www.amazon.co.jp/dp/B0CLL596MV,16.0,,USB,Western Digital,drive_external,external HDD-like,0
B0G19SM41W,東芝 3.5inch 16TB 内蔵HDD ハードディスク MD09ACA16TR 6Gbit/s 512MB 7200rpm デスクトップパソコン (整備済み品),42500,0,https://www.amazon.co.jp/dp/B0G19SM41W,16.0,3.5,,Toshiba,drive_internal,internal HDD-like,0
B0DRJP4GJ6,【Amazon.co.jp限定】Western Digital ウエスタンデジタル WD Red Pro 内蔵 HDD ハードディスク 16TB CMR 3.5inch SATA 7200rpm キャッシュ512MB NAS WD161KFGX-AJP エコパッケージ 【国内正規代理店】,78110,0,https://www.amazon.co.jp/dp/B0DRJP4GJ6,16.0,3.5,SATA,Western Digital,drive_internal,internal HDD-like,0
B0B73V426T,Seagate シーゲイト 16TB ST16000NM001G Exos SATA HDD 6Gb/s 7200RPM 3.5インチ NAS データセンター エンタープライズ 内蔵ハードディスク (整備済み品),54600,0,https://www.amazon.co.jp/dp/B0B73V426T,16.0,3.5,SATA,Seagate,drive_internal,internal HDD-like,0
B0BWPXZWKV,"ウエスタンデジタル(Western Digital) WD デスクトップHDD 16TB USB3.2 Gen 1 暗号化 RAID 0,1 バックアップ My Book Duo 2021EX / WDBFBE0160JBK-JEEX/E メーカー3年保証 国内正規代理店品",98000,1,https://www.amazon.co.jp/dp/B0BWPXZWKV,16.0,,USB,Western Digital,drive_external,external HDD-like,0
B0DJCP3YKH,"東芝 N300シリーズ 3.5"" NAS HDD 16TB(CMR) フィールドレイク取扱品 3年保証 国内サポート・故障時の同時交換対応 N300A16 - HDWG51GUZSVA 7,200rpm SATA 24x7 RVセンサー搭載 ヘリウム充填HDD",73180,0,https://www.amazon.co.jp/dp/B0DJCP3YKH,16.0,,SATA,Toshiba,drive_internal,internal HDD-like,0
B0F1NK18LK,Seagate Barracuda 16TB 内蔵ハードドライブ 7200 U/分、512MBキャッシュ、SATA 6Gb/s、3.5インチ (ST16000DM001),60000,0,https://www.amazon.co.jp/dp/B0F1NK18LK,16.0,3.5,SATA,Seagate,drive_internal,internal HDD-like,0
B0FKB5ZXRS,外付けHDD ハードディスク 16TB テレビ録画 4K対応 Windows Mac PS5 PS4 USB3.2 (Gen1) / USB3.0 EOP35100BK-16T,49800,0,https://www.amazon.co.jp/dp/B0FKB5ZXRS,16.0,,USB,,drive_external,external HDD-like,0
B0CKT9C2SH,【Amazon.co.jp限定】Western Digital ウエスタンデジタル WD Gold 内蔵 HDD ハードディスク 16TB HelioSeal 3.5インチ SATA 7200rpm キャッシュ512MB エンタープライズ メーカー保証5年 WD161KRYZ-AJP エコパッケージ【国内正規取扱代理店】,79040,0,https://www.amazon.co.jp/dp/B0CKT9C2SH,16.0,3.5,SATA,Western Digital,drive_internal,internal HDD-like,0
B0G5WYK77H,Seagate BarraCuda 16TB ST16000DM001 3.5インチ 内蔵 ハードディスク HDD CMR 6Gb/s 512MB 7200RPM デスクトップPC オールインワンPC 正規代理店品 180日保証(整備済み品),52725,0,https://www.amazon.co.jp/dp/B0G5WYK77H,16.0,3.5,,Seagate,drive_internal,internal HDD-like,0
B0FKMXBSSJ,【Amazon.co.jp限定】Western Digital ウエスタンデジタル Ultrastar DC HC550 16TB 企業向け 内蔵HDD ハードディスク CMR 3.5インチ SATA 7200rpm OptiNAND 高耐久 5年保証 WUH722016CLE6L4-AJP エコパッケージ 【国内正規代理店】,79040,0,https://www.amazon.co.jp/dp/B0FKMXBSSJ,16.0,3.5,SATA,Western Digital,drive_internal,internal HDD-like,0
B08K3VVKSW,"Western Digital (ウエスタンデジタル) 16TB WD Red Pro NAS 内蔵型 ハードドライブ HDD - 7,200RPM SATA 6Gb/秒 CMR 256MBキャッシュ 3.5インチ - WD161KFGX",75445,0,https://www.amazon.co.jp/dp/B08K3VVKSW,16.0,3.5,SATA,Western Digital,drive_internal,internal HDD-like,0
B08H1T666Y,Western Digital WUH721816ALE6L4 3.5インチ 16TB SATA 6Gb/s7.2K RPM 512M 0F38462 512e/4Kn HDD,57861,0,https://www.amazon.co.jp/dp/B08H1T666Y,16.0,3.5,SATA,Western Digital,drive_internal,internal HDD-like,0
B0FK8V67J1,IODATA 大容量 16TB ポータブル HDD CMRドライブ 採用 USB 5Gbps パソコン データ保存 win10 win11 データ移行 データ抹消 アプリ 情報漏洩 防止 情シス バックアップ 横置き 縦置き両対応 日本メーカー HDCX-UT16P/E,74800,0,https://www.amazon.co.jp/dp/B0FK8V67J1,16.0,,USB,IODATA,drive_external,external HDD-like,0
B0C77TKK13,Seagate 外付ハードディスク 16TB 静音 Expansion HDD STKP16000400 [並行輸入品],52800,0,https://www.amazon.co.jp/dp/B0C77TKK13,16.0,,,Seagate,drive_external,external HDD-like,0
B08KTRKB6S,WD 16TB Elements デスクトップ外付けハードドライブ、プラグアンドプレイストレージ用USB 3.0 - WDBWLG0160HBK-NESN。,65505,0,https://www.amazon.co.jp/dp/B08KTRKB6S,16.0,,,Western Digital,drive_external,external HDD-like,0
B092R4955J,SEAGATE (シーゲイト) Expansion 16TB 外付けハードドライブ HDD - USB 3.0 Rescueデータ復旧サービス付き (STKP16000400),68231,0,https://www.amazon.co.jp/dp/B092R4955J,16.0,,USB,Seagate,drive_external,external HDD-like,0
B08P37G3BF,"東芝(TOSHIBA) 3.5"" HDD メカニカルハードデイスク 16TB(CMR) 国内正規代理店品 3年保証 国内サポート・故障時の同時交換対応 MN08ACA16T /JP 7,200rpm SATA 24x7 RVセンサー搭載 ヘリウム充填HDD",,0,https://www.amazon.co.jp/dp/B08P37G3BF,16.0,,SATA,Toshiba,drive_internal,internal HDD-like,0
B0G2BHLKZ6,東芝 MG09ACA16TE [3.5インチ内蔵HDD / 16TB / 7200rpm / MG09 シリーズ/国内サポート対応],72700,0,https://www.amazon.co.jp/dp/B0G2BHLKZ6,16.0,3.5,,Toshiba,drive_internal,internal HDD-like,0
B0921PYS45,Western Digital HDD 16TB WD Ultrastar DC HC550 データセンター 3.5インチ 内蔵HDD WUH721816ALE6L4,64401,0,https://www.amazon.co.jp/dp/B0921PYS45,16.0,3.5,,Western Digital,drive_internal,internal HDD-like,0
B07W1YLQSZ,"Seagate IronWolf Pro 3.5"" データ復旧3年付 16TB HDD(CMR) 5年保証24時間稼動 PC NAS 用 RVセンサ ST16000NE000",100000,0,https://www.amazon.co.jp/dp/B07W1YLQSZ,16.0,,,Seagate,drive_internal,internal HDD-like,0
B0B6QTP7J7,Avolusion PRO-Zシリーズ 16TB USB 3.0 外付けハードドライブ WindowsOS デスクトップPC/ノートパソコン用 (ホワイト),50487,0,https://www.amazon.co.jp/dp/B0B6QTP7J7,16.0,,USB,,drive_external,external HDD-like,0
B0B1PFQXLC,Toshiba MGシリーズ 16TB 内蔵サーバーハードドライブ MG08ACA16TE 3.5インチ HDD SATA 6Gb/s 7200RPM 512MB キャッシュ 24/7。,78569,0,https://www.amazon.co.jp/dp/B0B1PFQXLC,16.0,3.5,SATA,Toshiba,drive_internal,internal HDD-like,0
B0DG3JB7G5,Seagate Skyhawk AI 16TB ビデオ内蔵ハードドライブ HDD - 3.5インチ SATA 6Gb/s 512MB キャッシュ DVR NVR セキュリティカメラシステム ドライブヘルス管理と社内レスキューサービス付き (ST16000VE004),79929,0,https://www.amazon.co.jp/dp/B0DG3JB7G5,16.0,3.5,SATA,Seagate,drive_internal,internal HDD-like,0
B08KY4P7L5,Western Digital 16TB Elements デスクトップ外付けハードドライブ - USB 3.0。,67948,0,https://www.amazon.co.jp/dp/B08KY4P7L5,16.0,,USB,Western Digital,drive_external,external HDD-like,0
B08C542TWX,ラシー LaCie 外付けHDD ハードディスク 16TB d2 Professional USB-C Mac/iPad/Windows対応 [ 大容量 高容量 ] 国内正規代理店品 5年保証STHA16000800,106497,0,https://www.amazon.co.jp/dp/B08C542TWX,16.0,,USB,,drive_external,external HDD-like,0
B0C6BYY35S,MDD 16TB 7200RPM 256MB キャッシュ SATA 6.0Gb/s 3.5インチ 内蔵ハードドライブ 監視ストレージ用 (MD16TGSA25672DVR),63136,1,https://www.amazon.co.jp/dp/B0C6BYY35S,16.0,3.5,SATA,,drive_internal,internal HDD-like,0
