asin,title,price_yen,sponsored,url,capacity_tb,form_factor_in,iface,brand_guess,category,reason,no_recommended_offer
B08P6VHFSC,ウエスタンデジタル(Western Digital) WD デスクトップHDD 18TB USB3.0 WD Elements Desktop 外付けハードディスク / WDBBKG0180HBK-JESN メーカー2年保証 国内正規代理店品,82800,1,https://www.amazon.co.jp/dp/B08P6VHFSC,18.0,,USB,Western Digital,drive_external,external HDD-like,0
B0CLL5L36N,サンディスクプロフェッショナル 外付けHDD 18TB G-DRIVE PROJECT Mac向け Thunderbolt 3 & USB 3.2 Gen 2対応 Ultrastar搭載 SDPHG1H-018T-SBAAD/E 国内正規代理店品,144000,1,https://www.amazon.co.jp/dp/B0CLL5L36N,18.0,,USB,Western Digital,drive_external,external HDD-like,0
B0FFRQCGCB,"【整備済み品】シーゲイト HDD 18TB Exos X18,3.5インチ 内蔵 ハードディスク RAID (CMR),SATA3.0 外付け ハードディスク 7200rpm 24時間稼動 PC 法人向けストレージ/NAS向け ST18000NM000J 2年保証",51860,0,https://www.amazon.co.jp/dp/B0FFRQCGCB,18.0,3.5,,Seagate,drive_internal,internal HDD-like,0
B0GHM1SJBR,外付けHDD ハードディスク 18TB テレビ録画 4K対応 Windows Mac PS5 PS4 USB3.2 (Gen1) / USB3.0 EOP35100BK-18T,53980,1,https://www.amazon.co.jp/dp/B0GHM1SJBR,18.0,,USB,,drive_external,external HDD-like,0
B08K3TFM92,WD181KFGX [WD Red Pro（18TB 3.5インチ SATA 6G 7200rpm 512MB）],73321,0,https://www.amazon.co.jp/dp/B08K3TFM92,18.0,3.5,SATA,Western Digital,drive_internal,internal HDD-like,0
B0DRJPSPGW,【Amazon.co.jp限定】Western Digital ウエスタンデジタル WD Red Pro 内蔵 HDD ハードディスク 18TB CMR 3.5inch SATA 7200rpm キャッシュ512MB NAS WD181KFGX-AJP エコパッケージ 【国内正規代理店】,86660,0,https://www.amazon.co.jp/dp/B0DRJPSPGW,18.0,3.5,SATA,Western Digital,drive_internal,internal HDD-like,0
B089S3CZ41,WD181KRYZ [WD Gold (18TB 3.5インチ SATA 6G 7200rpm 512MB)],96615,0,https://www.amazon.co.jp/dp/B089S3CZ41,18.0,3.5,SATA,Western Digital,drive_internal,internal HDD-like,0
B08DHH8V9P,WD HGST 18TB 512MB 7200RPM SATA Ultra 512E SE NP ストレージ DEVIC,70737,0,https://www.amazon.co.jp/dp/B08DHH8V9P,18.0,,SATA,Western Digital,drive_internal,internal HDD-like,0
B093Z5LFWD,東芝 MG09ACA18TE 18TB ハードドライブ - 3.5 内蔵型 - SATA [SATA/600],79301,0,https://www.amazon.co.jp/dp/B093Z5LFWD,18.0,,SATA,Toshiba,drive_internal,internal HDD-like,0
B08JV6PP9B,"Seagate Enterprise 3.5"" 18000 GB 7200 RPM 18 TB 3.5"" 7200 RPM SATA ST18000NM000J",95002,0,https://www.amazon.co.jp/dp/B08JV6PP9B,18.0,,SATA,Seagate,drive_internal,internal HDD-like,0
B0966TBDRZ,Western Digital (ウエスタンデジタル) 18TB WD Purple Pro 監視内蔵HDD - SATA 6Gb/s 512MBキャッシュ 3.5インチ - WD181PURP,69420,0,https://www.amazon.co.jp/dp/B0966TBDRZ,18.0,3.5,SATA,Western Digital,drive_internal,internal HDD-like,0
B099MR4RKC,TOSHIBA 東芝 MG09 内蔵ハードディスク サーバー NAS 用 3.5インチ Enterprise HDD 18TB SATA 7200rpm 3年保証 MG09ACA18TE,98800,0,https://www.amazon.co.jp/dp/B099MR4RKC,18.0,3.5,SATA,Toshiba,drive_internal,internal HDD-like,0
B0C2RLBQRC,MDD (MD18TSATA25672NAS) 18TB 7200 RPM 256MB キャッシュ SATA 6.0Gb/s 3.5インチ 内蔵NASハードドライブ,48218,0,https://www.amazon.co.jp/dp/B0C2RLBQRC,18.0,3.5,SATA,,drive_internal,internal HDD-like,0
B0C22VHG1S,Avolusion PRO-Zシリーズ 18TB USB 3.0 外付けハードドライブ WindowsOS デスクトップPC/ノートパソコン用 (ホワイト),54161,0,https://www.amazon.co.jp/dp/B0C22VHG1S,18.0,,USB,,drive_external,external HDD-like,0
B08KTRBHP1,WD 18TB Elements デスクトップ外付けハードドライブ USB 3.0 外付けハードドライブ プラグアンドプレイストレージ用 - WDBWLG0180HBK-NESN,75986,0,https://www.amazon.co.jp/dp/B08KTRBHP1,18.0,,USB,Western Digital,drive_external,external HDD-like,0
B08H1T5QY4,Western Digital WD WUH721818AL5204 18TB SAS 12Gb/s 7.2K RPM 512M 0F38353 512e/4Kn SE HDD。,88905,0,https://www.amazon.co.jp/dp/B08H1T5QY4,18.0,,SAS,Western Digital,drive_internal,internal HDD-like,0
B09GXVX41Q,BUSlink 18TB MG09ACA18TE 7200RPM 512e 3.5インチ SATA Enterprise デスクトップハードドライブ,61084,0,https://www.amazon.co.jp/dp/B09GXVX41Q,18.0,3.5,SATA,Toshiba,drive_internal,internal HDD-like,0
B0C22DF8HJ,"MDD (MDD18TSATA25672E) 18TB 7,200 RPM 256MB キャッシュ SATA 6.0Gb/s 3.5インチ 内蔵エンタープライズハードドライブ",64108,0,https://www.amazon.co.jp/dp/B0C22DF8HJ,18.0,3.5,SATA,,drive_internal,internal HDD-like,0
B092R6HW7L,シーゲイト Expansion (エクスパンション) 18TB デスクトップ 外付け HDD - 3.5インチ USB 3.0 Windows Mac用 3年間のデータ復旧サービス ポータブルハードドライブ (STKP18000400) ブラック,77735,0,https://www.amazon.co.jp/dp/B092R6HW7L,18.0,3.5,USB,Seagate,drive_internal,internal HDD-like,0
B0C2T9LFLP,東芝 3.5インチ HDD 18TB PC サーバー ビジネス 向け 内蔵型 CMR 【国内正規代理店品】 5年保証 MG09ACA18TE-5YW,95539,0,https://www.amazon.co.jp/dp/B0C2T9LFLP,18.0,3.5,,Toshiba,drive_internal,internal HDD-like,0
B09TRBPPFY,Western Digital ウエスタンデジタル WD Purple Pro 内蔵 HDD ハードディスク 18TB CMR 3.5インチ SATA 7200rpm キャッシュ512MB 監視システム メーカー保証5年 WD181PURP-EC 【国内正規取扱代理店】,85800,0,https://www.amazon.co.jp/dp/B09TRBPPFY,18.0,3.5,SATA,Western Digital,drive_internal,internal HDD-like,0
B0FGY61962,【Amazon.co.jp限定】Western Digital ウエスタンデジタル WD Purple Pro 監視用HDD ハードディスク 18TB CMR 3.5inch SATA 7200rpm キャッシュ512MB AllFrame AI 64台カメラ対応 5年保証 WD181PURP-AJP エコパッケージ 【国内正規代理店】,113515,0,https://www.amazon.co.jp/dp/B0FGY61962,18.0,3.5,SATA,Western Digital,drive_internal,internal HDD-like,0
